relays_published,ahadizapto.tk,applied-privacy.net,artikel10.org,brasshorncommunications.uk,bungeetaco.com,captainsonic.com,demsh.org,digitalcourage.social,dotsrc.org,emeraldonion.org,florentius.net,for-privacy.net,frichetten.com,hviv.nl,hydra-family.github.io,katawaredoki.one,kubieziel.de,lokodlare.com,marx.wtf,medvideos-tor.org,nicdex.com,nos-oignons.net,privacysvcs.net,qimam.com,quetzalcoatl-relays.org,recipe-acl.github.io,relayon.org,stormycloud.org,tor-nodes.padhi.me,tor2.xn--sb-lka.org,unredacted.org,uwu.lgbt,worldofmatthew.com,www.digitale-gesellschaft.ch,www.f3netze.de,www.privex.io,www.quintex.com
2021-01-01,0,2.82,0.11,0,0.04,0,0.01,4.76,0,0.62,0,0.44,0.07,0.17,1.27,0.05,0,0,0.02,0,0.18,0.61,0.01,0,0.65,0.35,11.79,0,0,0,0,0.01,0.04,1.33,7.58,0.05,1.92
2021-01-02,0,2.96,0.11,0,0.04,0,0.01,4.74,0,0.61,0,0.44,0.07,0.19,1.30,0.05,0,0,0.03,0,0.17,0.62,0.01,0,0.76,0.34,11.78,0,0,0,0,0.01,0.04,1.33,7.20,0.05,1.89
2021-01-03,0,3.05,0.09,0,0.03,0,0.01,4.74,0,0.61,0,0.45,0.05,0.18,1.30,0.05,0,0,0.02,0,0.18,0.64,0.01,0,0.89,0.31,11.68,0,0,0,0,0.01,0.04,1.32,7.16,0.06,1.87
2021-01-04,0,3.02,0.10,0,0.04,0,0.01,4.66,0,0.61,0,0.47,0.07,0.17,1.26,0.05,0,0,0.02,0,0.20,0.64,0.01,0,0.84,0.25,11.69,0,0,0,0,0.01,0.03,1.38,6.96,0.06,2.05
2021-01-05,0,2.99,0.11,0,0.04,0,0.02,4.40,0,0.60,0,0.46,0.07,0.17,1.28,0.04,0,0,0.02,0,0.20,0.65,0.01,0,0.89,0.31,11.95,0,0,0,0,0.01,0.04,1.36,6.89,0.06,2.14
2021-01-07,0,3.20,0.11,0,0.03,0,0.02,4.51,0,0.58,0,0.46,0.08,0.18,1.43,0.04,0,0,0.02,0,0.18,0.69,0.01,0,0.91,0.35,11.74,0,0,0,0,0.01,0.04,1.45,7.03,0.05,2.18
2021-01-08,0,3.30,0.11,0,0.03,0,0.01,4.66,0,0.60,0,0.46,0.07,0.40,1.50,0.05,0,0,0.03,0,0.20,0.62,0.01,0,0.95,0.35,11.47,0,0,0,0,0.01,0.05,1.47,7.21,0.05,2.13
2021-01-09,0,3.26,0.12,0,0.03,0,0.01,4.58,0,0.60,0,0.45,0.07,0.41,1.51,0.05,0,0,0.03,0,0.20,0.62,0.01,0,0.92,0.35,11.80,0,0,0,0,0.01,0.04,1.56,6.97,0.05,2.20
2021-01-10,0,3.21,0.10,0,0.03,0,0.01,4.50,0,0.56,0,0.41,0.08,0.53,1.54,0.05,0,0,0.02,0,0.19,0.59,0.01,0,0.92,0.34,11.55,0,0,0,0,0.01,0.04,1.46,6.97,0.05,2.18
2021-01-11,0,3.18,0.09,0.00,0.02,0,0.01,4.46,0,0.65,0,0.43,0.06,0.68,1.51,0.04,0,0,0.03,0,0.18,0.61,0.01,0,0.95,0.26,11.25,0,0,0,0,0.01,0.03,1.52,6.38,0.06,2.07
2021-01-12,0,3.37,0.09,0.00,0.03,0,0.01,4.37,0,0.63,0,0.43,0.07,0.87,1.66,0.04,0,0,0.03,0,0.18,0.51,0.01,0,0.83,0.26,12.12,0,0,0,0,0.01,0.04,1.38,6.74,0.06,2.10
2021-01-13,0,3.51,0.09,0.00,0.04,0,0.01,4.60,0,0.61,0,0.44,0.08,1.07,1.74,0.06,0,0,0.03,0,0.18,0.66,0.01,0,0.76,0.27,12.01,0,0,0,0,0.01,0.03,1.45,6.74,0.07,2.22
2021-01-14,0,3.59,0.10,0.00,0.03,0,0.01,4.70,0,0.65,0,0.44,0.07,1.11,1.66,0.06,0,0,0.03,0,0.20,0.67,0.00,0,0.79,0,12.16,0,0,0,0,0.01,0.03,1.49,6.86,0.06,2.20
2021-01-15,0,3.49,0.10,0.00,0.03,0,0.01,4.57,0,0.66,0,0.37,0.07,1.12,1.76,0.05,0,0,0.03,0,0.19,0.70,0.00,0,0.83,0,12.33,0,0,0,0,0.01,0.04,1.46,7.25,0.06,2.17
2021-01-16,0,3.44,0.10,0.00,0.03,0,0.01,4.37,0,0.76,0,0.43,0.07,1.25,1.83,0.04,0,0,0.03,0,0.18,0.65,0.01,0,0.78,0,12.06,0,0,0,0,0.01,0.04,1.39,6.76,0.07,2.18
2021-01-17,0,3.44,0.10,0.00,0.03,0,0.01,4.35,0,0.65,0,0.43,0.07,1.20,1.85,0.04,0,0,0,0,0.17,0.64,0.01,0,0.79,0,11.36,0,0,0,0,0.01,0.04,1.42,6.84,0.06,2.25
2021-01-18,0,3.43,0.11,0.00,0.03,0,0.01,4.41,0,0.72,0,0.42,0.08,1.15,1.92,0.04,0,0,0,0,0.18,0.67,0.01,0,0.80,0.14,12.40,0,0,0,0,0.01,0.04,1.42,7.31,0.06,2.18
2021-01-19,0,3.47,0.11,0.00,0.03,0,0.01,4.36,0,0.70,0,0.38,0.07,1.18,1.90,0.04,0,0,0,0,0.17,0.72,0.01,0,0.92,0.39,12.45,0,0,0,0,0.01,0.04,1.49,6.69,0.07,2.11
2021-01-20,0,3.41,0.09,0,0.03,0,0.01,4.37,0,0.76,0,0.40,0.07,1.18,1.92,0.04,0,0,0,0,0.16,0.69,0.01,0,0.79,0.23,12.80,0,0,0,0,0.00,0.07,1.48,6.54,0.05,2.16
2021-01-21,0,3.46,0.10,0.00,0.03,0,0.01,4.30,0,0.85,0,0.37,0.08,1.07,1.98,0.04,0,0,0,0,0.14,0.72,0.01,0,0.83,0.27,12.75,0,0,0,0,0.00,0.05,1.48,7.23,0.06,2.08
2021-01-22,0,3.49,0.10,0.00,0.03,0,0.01,4.23,0,0.91,0,0.38,0.09,1.09,2.00,0.05,0,0,0,0,0.15,0.70,0.01,0,0.86,0,12.61,0,0,0,0,0.00,0.05,1.46,7.08,0.06,2.03
2021-01-23,0,3.47,0.11,0.00,0.03,0,0.01,4.20,0,0.89,0,0.39,0.08,1.12,2.02,0.05,0,0,0,0,0.15,0.68,0.01,0,0.85,0,12.50,0,0,0,0,0.00,0.05,1.47,6.95,0.07,2.02
2021-01-24,0,3.41,0.10,0.00,0.02,0,0.01,4.15,0,0.85,0,0.42,0.09,1.15,1.97,0.05,0,0,0,0,0.22,0.68,0.01,0,0.79,0,12.29,0,0,0,0,0.00,0.05,1.50,6.78,0.07,2.01
2021-01-25,0,3.32,0.09,0,0.03,0,0.01,4.01,0,0.74,0,0.40,0.07,1.15,2.04,0.04,0,0,0,0,0.19,0.70,0.01,0,0.74,0,12.14,0,0,0,0,0.00,0.05,1.48,6.88,0.06,2.02
2021-01-26,0,3.32,0.09,0,0.03,0,0.01,4.07,0,0.68,0,0.39,0.06,1.18,2.06,0.05,0,0,0,0,0.19,0.69,0.01,0,0.80,0.23,12.23,0,0,0,0,0.00,0.05,1.56,6.97,0.06,1.94
2021-01-27,0,3.35,0.11,0,0.03,0,0.01,4.15,0,0.68,0,0.39,0.06,1.19,2.05,0.05,0,0,0,0,0.19,0.68,0.01,0,0.78,0.21,12.14,0,0,0,0,0.00,0.05,1.53,7.15,0.06,1.88
2021-01-28,0,3.57,0.11,0,0.04,0,0.01,4.32,0,0.71,0,0.19,0.05,1.14,1.93,0.04,0,0,0,0,0,0.70,0.01,0,0.77,0.19,12.16,0,0,0,0,0.00,0.05,1.59,6.26,0.06,2.01
2021-01-29,0,3.55,0.11,0,0.04,0,0.01,4.28,0,0.68,0,0.40,0.05,1.22,2.04,0.04,0,0,0,0,0.18,0.73,0.01,0,0.76,0.16,12.09,0,0,0,0,0.00,0.06,1.56,6.26,0.06,1.94
2021-01-30,0,3.55,0.11,0,0.04,0,0.01,4.33,0,0.67,0,0.41,0.04,1.21,2.03,0.04,0,0,0,0,0.18,0.70,0.01,0,0.77,0.15,12.08,0,0,0,0,0.00,0.04,1.49,6.07,0.06,1.90
2021-01-31,0,3.37,0.11,0,0.06,0,0.01,4.38,0,0.63,0,0.42,0.04,1.24,1.97,0.04,0,0,0.02,0,0.18,0.71,0.01,0,0.83,0.15,12.11,0,0,0,0,0.00,0.04,1.51,6.32,0.06,1.79
2021-02-01,0,3.29,0.11,0,0.09,0,0.01,4.47,0,0.59,0,0.39,0.03,1.14,1.95,0.04,0,0,0.03,0,0.19,0.72,0.01,0,0.88,0.13,11.92,0,0,0,0,0.00,0.06,1.53,6.03,0.06,1.78
2021-02-02,0,3.44,0.12,0,0.08,0,0.01,4.57,0,0.57,0,0.38,0.01,1.14,2.01,0.04,0,0,0.03,0,0.18,0.70,0.01,0,0.86,0.14,11.91,0,0,0,0,0.00,0.05,1.50,6.20,0.06,1.81
2021-02-03,0,3.35,0.12,0,0.06,0,0.01,4.49,0,0.58,0,0.37,0.02,1.15,1.95,0.04,0,0,0.03,0,0.18,0.73,0.01,0,0.81,0.13,11.83,0,0,0,0,0.00,0.05,1.51,6.37,0.05,1.83
2021-02-04,0,3.52,0.12,0,0.05,0,0.01,4.68,0,0.62,0,0.43,0.03,1.19,2.12,0.04,0.00,0,0.03,0,0.20,0.74,0.01,0,0.91,0.12,12.26,0,0,0,0,0.00,0.06,1.60,6.70,0.06,1.94
2021-02-05,0,3.92,0.14,0,0.05,0,0.00,5.23,0,0.68,0,0.43,0.04,1.34,2.31,0.05,0.00,0,0.03,0,0.19,0.79,0.01,0,0.89,0.13,13.12,0,0,0,0,0.00,0.08,1.66,7.10,0.06,2.25
2021-02-06,0,3.94,0.13,0,0.05,0,0.00,5.27,0,0.71,0,0.46,0.03,1.35,2.37,0.05,0.00,0,0.03,0,0.21,0.72,0.01,0,0.88,0.16,13.84,0,0,0,0,0.00,0.04,1.74,7.84,0.07,1.43
2021-02-07,0,4.10,0.13,0,0.05,0,0.00,5.22,0,0.68,0,0.42,0.03,1.34,2.35,0.05,0.00,0,0.03,0,0,0.70,0.01,0,0.82,0.17,13.65,0,0,0,0,0.01,0.05,1.71,7.84,0.07,2.04
2021-02-08,0,4.17,0.14,0,0.08,0,0.00,5.22,0,0.80,0,0.43,0.03,1.21,2.28,0.05,0.01,0,0.03,0,0.20,0.80,0.01,0,0.76,0.17,13.46,0,0,0,0,0.01,0.06,1.70,6.79,0.06,2.55
2021-02-09,0,4.12,0.13,0,0.08,0,0.00,5.07,0,0.89,0,0.45,0.03,1.17,2.31,0.05,0.01,0,0.03,0,0.19,0.75,0.01,0,0.80,0.17,12.92,0,0,0,0,0.01,0.07,1.68,6.82,0.06,2.85
2021-02-10,0,4.32,0.17,0,0.06,0,0.01,5.17,0,0.94,0,0.46,0.04,1.26,2.32,0.05,0.01,0,0.02,0,0.21,0.74,0.01,0,0.81,0.20,13.63,0,0,0,0,0.01,0.06,1.72,7.44,0.06,2.71
2021-02-11,0,4.33,0.15,0,0.09,0,0.00,5.29,0,0.95,0,0.44,0.04,1.20,2.40,0.05,0.02,0,0,0,0.20,0.77,0.01,0,0.87,0.18,13.51,0,0,0,0,0.01,0.05,1.78,4.47,0.06,3.03
2021-02-12,0,4.15,0.14,0,0.10,0,0.01,5.10,0,0.98,0,0.37,0.04,1.10,2.36,0.05,0.02,0,0,0,0.20,0.78,0.01,0,0.86,0.16,12.93,0,0,0,0,0.01,0.04,1.73,6.88,0.06,2.90
2021-02-13,0,4.03,0.14,0,0.07,0,0.01,4.99,0,1.02,0,0.35,0.04,1.07,2.21,0.05,0.01,0,0,0,0.21,0.77,0.01,0,0.88,0.15,12.67,0,0,0,0,0.01,0.10,1.66,6.74,0.06,2.85
2021-02-14,0,4.04,0.15,0,0.06,0,0.01,4.84,0,1.04,0,0.36,0.05,1.12,2.31,0.06,0.02,0,0,0,0.21,0.78,0.01,0,0.77,0.18,12.68,0,0,0,0,0.01,0.04,1.62,7.04,0.05,3.00
2021-02-15,0,4.14,0.13,0,0.11,0,0.02,4.91,0,0.99,0,0.34,0.04,1.13,2.33,0.06,0.03,0,0,0,0.20,0.73,0.01,0,0.76,0.17,12.47,0,0,0,0,0.01,0.04,1.69,6.83,0.06,2.93
2021-02-16,0,4.16,0.13,0,0.11,0,0,4.92,0,1.00,0,0.37,0.04,1.08,2.35,0.05,0.03,0,0,0,0.19,0.70,0.01,0,0.79,0.18,12.56,0,0,0,0,0.01,0.04,1.62,6.96,0.06,2.91
2021-02-17,0,4.14,0.12,0,0.15,0,0.02,4.95,0,0.98,0,0.19,0.04,1.14,2.33,0.05,0.03,0,0,0,0.19,0.72,0.01,0,0.79,0.19,12.54,0,0,0,0,0.01,0.04,1.53,6.58,0.08,3.01
2021-02-18,0,4.12,0.13,0,0.15,0,0.02,5.21,0,1.01,0,0.35,0.05,1.11,2.43,0.06,0.04,0,0,0,0.21,0.70,0.01,0,0.80,0.20,12.19,0,0,0,0,0.01,0.04,1.53,4.61,0.08,2.96
2021-02-19,0,5.35,0.20,0,0.14,0,0,6.32,0,1.16,0,0.44,0.07,1.29,2.69,0.05,0.05,0,0,0,0.25,0.79,0.02,0,0.94,0.25,14.50,0,0,0,0,0.01,0.05,1.82,5.60,0.10,3.07
2021-02-20,0,5.58,0.20,0,0.11,0,0,6.36,0,1.17,0,0.45,0.07,1.38,2.76,0.05,0.05,0,0,0,0.25,0.83,0.02,0,1.00,0.28,14.96,0,0,0,0,0.01,0.05,1.81,5.66,0.10,3.04
2021-02-21,0,5.78,0.20,0,0.13,0,0.04,6.08,0,0.99,0,0.26,0.06,1.39,3.27,0.04,0.07,0,0,0,0.23,0.95,0.01,0,1.04,0.00,15.61,0,0,0,0,0.01,0.05,1.82,3.13,0.15,2.99
2021-02-22,0,5.19,0.20,0,0.10,0,0.04,5.73,0,1.01,0,0.41,0.11,1.33,2.88,0.04,0.06,0,0,0,0.19,0.80,0.01,0,0.86,0.21,14.63,0,0,0,0,0.01,0.04,1.69,8.34,0.14,3.01
2021-02-23,0,5.10,0.19,0,0.14,0,0.04,5.73,0,1.25,0,0.42,0.09,1.20,2.66,0.05,0.06,0,0,0,0.15,0.78,0.01,0,0.92,0.20,14.25,0,0,0,0,0.01,0.06,1.70,7.49,0.13,3.22
2021-02-24,0,5.10,0.18,0,0.27,0,0.04,5.82,0,1.08,0,0.40,0.08,1.19,2.61,0.05,0.07,0,0,0,0.18,0.78,0.01,0,0.86,0.19,14.23,0,0,0,0,0.01,0.06,1.66,7.46,0.15,3.15
2021-02-25,0,5.35,0.17,0,0.27,0,0.04,5.92,0,1.07,0,0.39,0.08,1.16,2.54,0.05,0.07,0,0,0,0.17,0.80,0.01,0,0.88,0.18,14.33,0,0,0,0,0.01,0.06,1.68,7.22,0.13,3.18
2021-02-26,0,5.28,0.17,0,0.27,0,0.04,5.82,0,1.05,0,0.40,0.07,1.25,2.68,0.05,0.06,0,0,0,0.20,0.87,0.01,0,0.94,0.17,14.16,0,0,0,0,0.01,0.05,1.62,7.28,0.14,3.08
2021-02-27,0,5.24,0.17,0,0.38,0,0.04,5.86,0,0.98,0,0.39,0.08,1.27,2.72,0.05,0.08,0,0,0,0.19,0.85,0.01,0,0.93,0.16,14.22,0,0,0,0,0.01,0.05,1.60,7.17,0.15,3.12
2021-02-28,0,5.20,0.19,0,0.37,0,0.04,5.85,0,0.94,0,0.37,0.08,1.11,2.70,0.06,0.08,0,0,0,0.19,0.79,0.01,0,0.91,0.14,14.33,0,0,0,0,0.01,0.05,1.59,6.80,0.15,3.22
2021-03-01,0,5.30,0.19,0,0.36,0,0.05,5.75,0,0.94,0,0.36,0.08,1.12,2.60,0.05,0.09,0,0,0,0.20,0.79,0.02,0,0.93,0.13,14.22,0,0,0,0,0.01,0.07,1.57,6.81,0.15,3.18
2021-03-02,0,5.29,0.19,0,0.34,0,0.04,5.81,0,0.90,0,0.35,0.08,1.16,2.72,0.08,0.09,0,0,0,0.20,0.82,0.02,0,1.04,0.13,14.38,0,0,0,0,0.01,0.07,1.56,7.02,0.15,3.31
2021-03-03,0,5.36,0.20,0,0.34,0,0.06,5.77,0,1.02,0,0.21,0.08,1.21,2.74,0.06,0.09,0,0,0,0,0.82,0.02,0,0.98,0.13,14.66,0,0,0,0,0.01,0.10,1.56,7.10,0.15,3.11
2021-03-04,0,5.46,0.23,0,0.42,0,0.06,5.75,0,1.16,0,0.22,0.08,1.25,2.77,0,0.12,0,0,0,0.22,0.83,0.02,0,0.93,0.14,15.35,0,0,0,0,0.02,0.05,1.56,6.93,0.16,3.16
2021-03-05,0,5.46,0.23,0,0.41,0,0.06,5.81,0,1.02,0,0.44,0.08,1.24,2.77,0.06,0.11,0,0,0,0.20,0.85,0.02,0,0.98,0.13,15.29,0,0,0,0,0.01,0.05,1.57,6.95,0.16,3.18
2021-03-06,0,5.46,0.26,0,0.40,0,0.06,5.66,0,1.05,0,0.44,0.08,1.24,2.76,0.06,0.12,0,0,0,0.19,0.85,0.02,0,1.04,0.14,15.07,0,0,0,0,0.01,0.10,1.52,6.89,0.15,3.13
2021-03-07,0,5.34,0.28,0,0.48,0,0.06,5.40,0,1.07,0,0.43,0.09,1.26,2.64,0.05,0.11,0,0.02,0,0.19,0.81,0.02,0,0.94,0.12,14.77,0,0,0,0,0.01,0.08,1.48,6.82,0.14,3.13
2021-03-08,0,5.33,0.27,0,0.47,0,0.07,5.29,0,1.11,0,0.39,0.09,1.21,2.59,0.05,0.12,0,0.03,0,0.18,0.80,0.03,0,0.92,0.12,14.78,0,0,0,0,0.01,0.04,1.47,6.90,0.15,3.03
2021-03-09,0,5.90,0.31,0,0.81,0,0.07,5.86,0,1.15,0,0.19,0.10,1.26,2.84,0.07,0.13,0,0.03,0,0.19,0.84,0.04,0,0.91,0.12,15.90,0,0,0,0,0.01,0.05,1.60,0,0.17,3.33
2021-03-10,0,5.66,0.30,0,0.78,0,0.07,5.64,0,1.32,0,0.21,0.09,1.25,2.66,0.06,0.13,0,0.04,0,0.18,0.83,0.03,0,0.95,0.12,14.59,0,0,0,0,0.01,0.12,1.50,4.48,0.16,3.15
2021-03-11,0,5.66,0.27,0,0.33,0,0,5.62,0,1.32,0,0.31,0.09,1.22,2.63,0.06,0.13,0,0.04,0,0.16,0.85,0.04,0,0.80,0.12,15.74,0,0,0,0,0.01,0.06,1.52,4.39,0.15,3.25
2021-03-13,0,5.31,0.28,0,0.71,0,0.06,5.30,0,1.34,0,0.30,0.09,1.22,2.72,0.06,0.13,0,0.03,0,0.18,0.85,0.03,0,0.91,0.12,15.56,0,0,0,0,0.01,0.05,1.48,4.08,0.15,3.08
2021-03-14,0,5.35,0.29,0,0.89,0,0.06,5.26,0,1.38,0,0.30,0.10,1.25,2.70,0.06,0.13,0,0.03,0,0.18,0.89,0.04,0,0.90,0.12,15.35,0,0,0,0,0.01,0.06,1.42,3.74,0.15,3.19
2021-03-15,0,5.65,0.31,0,0.79,0,0.07,5.51,0,1.36,0,0.21,0.11,1.33,2.89,0.05,0.15,0,0.03,0,0.19,0.95,0.03,0,0.91,0.13,16.58,0,0,0,0,0.01,0.06,1.53,3.93,0.16,3.33
2021-03-16,0,5.39,0.33,0,0.30,0,0,5.69,0,1.11,0,0.15,0.11,1.43,3.23,0.06,0.19,0,0.04,0,0.21,0.92,0.02,0,1.03,0.16,17.13,0,0,0,0,0.01,0.05,1.68,4.62,0.18,2.73
2021-03-17,0,5.54,0.34,0,0.31,0,0,5.55,0,1.54,0,0.26,0.11,1.37,3.12,0.05,0.19,0,0,0,0.18,0.65,0.03,0,0.96,0.14,16.95,0,0,0,0,0.01,0.05,1.66,7.44,0.18,3.19
2021-03-18,0,5.57,0.33,0.00,0.29,0,0.08,5.69,0,1.41,0,0.07,0.14,1.26,3.18,0.05,0.19,0,0,0,0.20,0.93,0.03,0,0.96,0.15,16.54,0,0,0,0,0.01,0.06,1.53,7.64,0.17,2.98
2021-03-19,0,6.18,0.38,0.00,1.02,0,0.07,6.23,0,1.64,0,0.07,0.12,1.28,3.44,0.05,0.20,0,0.04,0,0.22,0.98,0.03,0,1.02,0.17,17.05,0,0,0,0,0.01,0.10,1.67,6.44,0.17,3.29
2021-03-20,0,6.41,0.40,0.00,1.01,0,0.08,6.23,0,1.65,0,0.07,0.12,1.23,3.35,0.05,0.21,0,0.04,0,0.21,0.99,0.03,0,0.95,0.17,17.14,0,0,0,0,0.01,0.04,1.63,6.32,0.18,2.93
2021-03-21,0,6.25,0.40,0.00,0.99,0,0.08,6.01,0,1.67,0,0.20,0.13,1.23,3.40,0.05,0.23,0,0.03,0,0.20,0.97,0.05,0,0.99,0.22,17.55,0,0,0,0,0.01,0.08,1.62,6.32,0.14,3.10
2021-03-22,0,6.51,0.48,0.00,0.53,0,0.07,5.96,0,1.70,0,0.14,0.13,1.20,3.57,0.05,0.24,0,0.04,0,0.19,0.96,0.04,0,1.07,0.30,18.39,0,0,0,0,0.02,0.07,1.71,7.00,0.15,3.04
2021-03-23,0,6.12,0.50,0.00,0.35,0,0.08,5.94,0,1.81,0,0.17,0.17,1.21,3.63,0.06,0.24,0,0.04,0,0.18,0.96,0.04,0,0.96,0.36,19.02,0,0,0,0,0.02,0.08,1.73,7.62,0.18,2.97
2021-03-24,0,6.26,0.55,0.00,0.34,0,0.08,5.94,0,1.55,0,0.15,0.17,1.35,3.70,0.07,0.24,0,0.03,0,0.22,0.96,0.06,0,0.99,0.28,18.95,0,0,0,0,0.04,0.07,1.69,7.49,0.17,3.24
2021-03-25,0,5.97,0.55,0.00,0.35,0,0.07,6.28,0,1.36,0,0.17,0.16,1.22,3.59,0.06,0.23,0,0.04,0,0.22,0.95,0.05,0,0.94,0.49,19.01,0,0,0,0,0.02,0.08,1.58,8.04,0.16,2.86
2021-03-26,0,6.42,0.57,0.00,0.32,0,0.08,6.44,0,1.93,0,0.16,0.16,1.22,3.74,0.07,0.26,0,0.04,0,0.22,0.90,0.04,0,0.94,0.53,19.28,0,0,0,0,0.02,0.09,1.65,7.93,0.14,2.80
2021-03-27,0,6.25,0.57,0.00,0.37,0,0.08,6.42,0,1.96,0,0.15,0.16,1.23,3.63,0.07,0.26,0,0.04,0,0.22,0.96,0.04,0,0.91,0.50,19.39,0,0,0,0,0.02,0.09,1.64,8.00,0.14,2.89
2021-03-28,0,6.01,0.57,0.00,0.29,0,0.07,6.12,0,2.07,0,0.18,0.16,1.27,3.34,0.06,0.28,0,0.04,0,0.22,0.92,0.05,0,0.89,0.38,19.78,0,0,0,0,0.02,0.08,1.66,7.99,0.07,2.86
2021-03-29,0,6.52,0.59,0.00,0.25,0,0.07,6.34,0,2.19,0,0.17,0.13,1.19,3.55,0.06,0.24,0,0.04,0,0.21,0.92,0.04,0,0.89,0.43,19.49,0,0,0,0,0.02,0.07,1.75,7.89,0.09,2.88
2021-03-30,0,6.70,0.63,0,0.26,0,0.08,6.09,0,2.33,0,0.15,0.15,1.25,3.68,0.06,0.24,0,0.05,0,0.20,1.03,0.04,0,0.88,0.42,19.48,0,0,0,0,0.02,0.06,1.67,8.23,0.11,2.91
2021-03-31,0,6.57,0.64,0,0.25,0,0.08,6.33,0,2.41,0,0.16,0.14,1.21,3.62,0.06,0.25,0,0.04,0,0.16,0.95,0.04,0,0.85,0.42,19.77,0,0,0,0,0.03,0.06,1.70,7.60,0.12,2.94
2021-04-01,0,6.64,0.67,0,0.25,0,0.08,6.41,0,2.35,0,0.16,0.14,1.24,3.69,0.06,0.27,0,0.04,0,0.21,0.99,0.04,0,0.85,0.40,19.41,0,0,0,0,0.02,0.07,1.73,7.47,0.13,2.77
2021-04-02,0,6.49,0.74,0,0.26,0,0.08,6.43,0,2.36,0,0.13,0.14,1.17,3.64,0.06,0.26,0,0.04,0,0.23,0.97,0.05,0,0.85,0.44,20.33,0,0,0,0,0.02,0.06,1.71,7.42,0.13,2.82
2021-04-03,0,6.61,0.76,0,0.25,0,0.08,6.49,0,2.41,0,0.16,0.14,1.25,3.76,0.06,0.27,0,0.04,0,0.24,1.02,0.05,0,0.84,0.44,17.32,0,0,0,0,0.03,0.06,1.77,8.45,0.13,2.94
2021-04-04,0,6.07,0.77,0,0.24,0,0.08,5.75,0,2.29,0,0.16,0.14,1.24,3.72,0.05,0.26,0,0.04,0,0.19,1.09,0.05,0,0.90,0.25,20.87,0,0,0,0,0.02,0.07,1.65,7.82,0.09,2.96
2021-04-05,0,6.03,0.81,0,0.20,0,0.08,5.35,0,2.50,0,0.13,0.15,1.35,3.61,0.07,0.28,0,0.04,0,0.21,1.13,0.04,0,0.93,0.26,21.25,0,0,0,0,0.03,0.08,1.74,7.29,0.08,2.98
2021-04-06,0,6.17,0.77,0,0.21,0,0.07,5.50,0,2.21,0,0.14,0.14,1.26,3.53,0.06,0.27,0,0.04,0,0.22,1.06,0.04,0,0.78,0.38,20.47,0,0,0,0,0.02,0.06,1.65,7.95,0.10,2.97
2021-04-07,0,6.06,0.81,0.00,0.20,0,0.07,5.86,0,2.16,0,0.14,0.14,1.27,3.43,0.04,0.26,0,0.04,0,0.17,0.97,0.04,0,0.81,0.41,20.58,0,0,0,0,0.03,0.06,1.65,7.97,0.11,3.08
2021-04-08,0,5.72,0.84,0.00,0.32,0,0.07,5.66,0,2.02,0,0.15,0.14,1.33,3.36,0.05,0.25,0,0.04,0,0,0.99,0.04,0,0.84,0.39,20.22,0,0,0,0,0.03,0.06,1.65,8.26,0.12,3.12
2021-04-09,0,6.06,0.88,0.00,0.37,0,0.08,5.75,0,1.84,0,0.15,0.14,1.37,3.49,0.06,0.27,0,0.04,0,0.17,0.97,0.04,0,0.82,0.42,20.10,0,0,0,0,0.03,0.06,1.65,7.91,0.14,3.09
2021-04-10,0,5.68,0.90,0.00,0.40,0,0.08,5.58,0,1.93,0,0.14,0.14,1.28,3.28,0.05,0.27,0,0.04,0,0.18,1.02,0.04,0,0.90,0.44,20.31,0,0,0,0,0.04,0.07,1.70,7.87,0.13,3.22
2021-04-11,0,5.50,0.85,0.00,0.36,0,0.08,5.53,0,1.83,0,0.16,0.14,1.29,3.28,0.04,0.28,0,0.04,0,0.19,0.89,0.04,0,0.86,0.45,19.64,0,0,0,0,0.04,0.06,1.76,7.84,0.12,3.31
2021-04-12,0,5.85,0.79,0.00,0.37,0,0.07,5.98,0,1.66,0,0.17,0.13,1.31,3.39,0.06,0.27,0,0.04,0,0.18,0.99,0.04,0,0.77,0.42,19.53,0,0,0,0.00,0.02,0.06,1.72,7.62,0.13,3.14
2021-04-13,0,5.97,0.79,0.00,0.31,0,0.07,6.16,0,1.51,0,0.15,0.13,1.39,3.34,0.07,0.28,0,0.04,0,0.20,0.98,0.04,0,0.93,0.45,19.22,0,0,0,0.00,0.03,0.06,1.71,8.07,0.13,3.09
2021-04-14,0,6.14,0.79,0,0.23,0,0.08,6.26,0,1.51,0,0.16,0.13,1.39,3.30,0.05,0.27,0,0.04,0,0.21,0.97,0.04,0,0.84,0.47,18.44,0,0,0,0.05,0.03,0.08,1.78,8.17,0.14,3.12
2021-04-15,0,6.26,0.80,0,0.26,0,0.08,6.42,0,1.45,0,0.14,0.14,1.44,3.13,0.05,0.25,0,0.04,0,0.19,1.02,0.04,0,0.85,0.46,18.23,0,0,0,0.07,0.03,0.08,1.80,8.08,0.15,3.17
2021-04-16,0,6.07,0.78,0.01,0.23,0,0.08,6.28,0,1.42,0,0.16,0.13,1.41,3.19,0.06,0.25,0,0.04,0,0.20,0.96,0.04,0,0.87,0.47,18.12,0,0,0,0.15,0.03,0.08,1.82,8.18,0.17,3.26
2021-04-17,0,6.08,0.78,0,0.24,0,0.08,6.06,0,1.45,0,0.15,0.12,1.44,3.29,0.06,0.25,0,0.04,0,0.20,0.93,0.04,0,0.83,0.43,17.76,0,0,0,0.16,0.02,0,1.71,8.05,0.17,3.15
2021-04-18,0,6.44,0.80,0,0.23,0,0.07,6.41,0,1.36,0,0.14,0.12,1.46,3.33,0.06,0.25,0,0.04,0,0.19,1.00,0.04,0,0.80,0.43,17.58,0,0,0,0.19,0.03,0.06,1.73,7.57,0.17,2.98
2021-04-19,0,6.33,0.78,0,0.21,0,0.08,6.49,0,1.26,0,0.13,0.11,1.45,3.35,0.05,0.26,0,0.04,0,0.18,1.01,0.04,0,0.81,0.43,17.01,0,0,0,0.24,0.03,0.10,1.70,8.40,0.17,3.03
2021-04-20,0,6.39,0.80,0,0.23,0,0.09,6.61,0,1.22,0,0.14,0.11,1.47,3.42,0.07,0.26,0,0.04,0,0.19,1.02,0.04,0,0.85,0.41,16.98,0,0,0,0.21,0.03,0.09,1.65,8.43,0.19,2.99
2021-04-21,0,6.37,0.78,0,0.22,0,0.08,6.52,0,1.21,0,0.14,0.10,1.50,3.41,0.04,0.26,0,0.04,0,0.18,1.00,0.04,0,0.85,0.41,16.50,0,0,0,0.25,0.03,0.08,1.66,8.33,0.18,3.03
2021-04-22,0,6.50,0.78,0,0.17,0,0.08,6.48,0,1.14,0,0.13,0.10,1.44,3.51,0.06,0.30,0,0.04,0,0.17,0.98,0.04,0,0.91,0.42,16.42,0,0,0,0.25,0.03,0.08,1.63,8.61,0.17,3.04
2021-04-23,0,6.38,0.79,0,0.20,0,0.07,6.40,0,1.14,0,0.13,0.10,1.42,3.56,0.04,0.24,0,0.04,0,0.18,1.05,0.03,0,0.91,0.44,16.43,0,0,0,0.28,0.03,0.06,1.63,8.72,0.18,2.99
2021-04-24,0,6.21,0.79,0,0.19,0,0.07,6.23,0,1.16,0,0.14,0.11,1.42,3.37,0.05,0.25,0,0.03,0,0.18,1.02,0.03,0,0.91,0.44,16.55,0,0,0,0.29,0.03,0.09,1.65,8.69,0.18,2.97
2021-04-25,0,6.15,0.77,0,0.16,0,0.07,6.12,0,1.22,0,0.13,0.10,1.49,3.11,0.06,0.24,0,0.03,0,0.18,1.00,0.03,0,0.91,0.41,16.59,0,0,0,0.32,0.03,0.08,1.65,8.38,0.19,2.92
2021-04-26,0,6.46,0.74,0,0.19,0,0.07,6.19,0,1.17,0,0.12,0.11,1.37,3.46,0.06,0.27,0,0.03,0,0.18,0.96,0.03,0,0.86,0.42,16.37,0,0,0,0.33,0.05,0.08,1.61,8.20,0.19,2.92
2021-04-27,0,6.44,0.71,0,0.18,0,0.07,6.17,0,1.15,0,0.13,0.10,1.40,3.52,0.06,0.25,0,0.03,0,0.18,0.95,0.03,0,0.85,0.42,16.48,0,0,0,0.31,0.02,0.06,1.57,8.41,0.19,2.90
2021-04-28,0,6.35,0.78,0,0.17,0,0.07,6.33,0,1.20,0,0.14,0.12,1.42,3.65,0.06,0.29,0,0.04,0,0.18,1.04,0.03,0,0.90,0.44,17.03,0,0,0,0.30,0.03,0.06,1.67,8.50,0.21,3.03
2021-04-29,0,6.45,0.74,0,0.16,0,0.07,6.19,0,1.15,0,0.14,0.11,1.50,3.62,0.06,0.29,0,0.04,0,0.19,0.98,0.03,0,0.85,0.46,16.68,0,0,0,0.30,0.04,0.05,1.62,8.58,0.20,2.95
2021-04-30,0,6.69,0.77,0,0.14,0,0.07,6.34,0,1.09,0,0.13,0.11,1.39,3.58,0.06,0.31,0,0.03,0,0.17,0.98,0.03,0,0.85,0.43,16.78,0,0,0,0.32,0.03,0.05,1.66,9.00,0.18,2.84
2021-05-01,0,6.74,0.77,0,0.17,0,0.07,6.33,0,1.08,0,0.13,0.12,1.37,3.68,0.06,0.30,0,0.03,0,0.17,0.98,0.03,0,0.88,0.42,17.00,0,0,0,0.33,0.03,0.06,1.62,8.70,0.17,2.75
2021-05-02,0,6.64,0.81,0,0.15,0,0.06,6.33,0,1.14,0,0.12,0.12,1.37,3.67,0.06,0.31,0,0.03,0,0.18,1.08,0.03,0,0.85,0.41,17.08,0,0,0,0.33,0.03,0.07,1.60,8.54,0.20,2.88
2021-05-03,0,6.45,0.84,0,0.15,0,0.07,6.03,0,1.15,0,0.14,0.12,1.43,3.52,0.05,0.32,0,0.04,0,0.17,1.07,0.03,0,0.87,0.42,17.19,0,0,0,0.33,0.03,0.04,1.67,8.43,0.22,3.00
2021-05-04,0,6.49,0.82,0,0.15,0,0.07,6.21,0,1.21,0,0.14,0.12,1.43,3.66,0.06,0.31,0,0.04,0,0.17,1.06,0.03,0,0.89,0.41,17.06,0,0,0,0.34,0.03,0.08,1.73,8.68,0.20,3.00
2021-05-05,0,6.25,0.83,0,0.16,0,0.07,6.47,0,1.59,0,0.15,0.14,1.41,3.65,0.06,0.28,0,0.03,0,0.20,1.06,0.03,0,0.85,0.39,16.77,0,0,0,0.40,0.04,0.07,1.83,7.80,0.19,3.07
2021-05-06,0,6.56,0.86,0,0.15,0,0.08,6.65,0,1.33,0,0.16,0.15,1.53,3.87,0.06,0,0,0.04,0,0,1.05,0.02,0,0.89,0.43,17.38,0,0,0,0.40,0.03,0.05,1.78,9.07,0.20,3.04
2021-05-07,0,6.72,0.86,0,0.15,0,0.07,6.37,0,1.29,0,0.15,0.14,1.48,3.91,0.05,0,0,0.04,0,0,1.03,0.02,0,0.89,0.42,16.93,0,0,0,0.42,0.03,0.07,1.69,8.98,0.20,2.94
2021-05-08,0,6.51,0.85,0,0.16,0,0.07,6.16,0,1.36,0,0.14,0.13,1.58,3.68,0.05,0.33,0,0.04,0,0,1.07,0.02,0,0.85,0.43,16.92,0,0,0,0.43,0.03,0.06,1.74,8.41,0.20,3.07
2021-05-09,0,6.40,0.84,0,0.18,0,0.06,6.14,0,1.38,0,0.13,0.14,1.61,3.61,0.05,0.29,0,0.04,0,0,1.06,0.02,0,0.82,0.47,16.91,0,0,0,0.41,0.03,0.06,1.76,8.53,0.19,3.07
2021-05-10,0,6.55,0.83,0,0.17,0,0.06,5.76,0,1.48,0,0.12,0.17,1.60,3.46,0.04,0.30,0,0.03,0,0.16,1.07,0.02,0,0.70,0.47,16.81,0,0,0,0.37,0.04,0.06,1.73,8.47,0.22,3.14
2021-05-11,0,6.59,0.83,0,0.20,0,0.06,5.67,0,1.50,0,0.13,0.14,1.64,3.52,0.04,0.27,0,0.04,0,0.18,1.07,0.02,0,0.72,0.43,16.87,0,0,0,0.42,0.04,0.08,1.67,7.90,0.23,3.24
2021-05-12,0,6.59,0.79,0,0.19,0,0.08,5.94,0,1.38,0,0.13,0.14,1.50,3.65,0.05,0.32,0,0.04,0,0.16,1.08,0.03,0,0.84,0.44,16.91,0,0,0,0.48,0.04,0.08,1.60,8.29,0.21,2.92
2021-05-13,0,6.74,0.79,0,0.18,0,0.06,5.95,0,1.41,0,0.15,0.11,1.42,3.64,0.05,0.33,0,0.04,0,0.16,1.07,0.03,0,0.90,0.45,16.58,0,0,0,0.44,0.04,0.08,1.59,8.40,0.22,2.79
2021-05-14,0,6.91,0.85,0,0.20,0,0.05,6.09,0,1.35,0,0.15,0.13,1.45,3.51,0.05,0.32,0,0.03,0,0.17,1.04,0.03,0,0.81,0.46,17.21,0,0,0,0.47,0.03,0.07,1.68,8.71,0.20,2.72
2021-05-15,0,6.62,0.86,0,0.20,0,0.06,5.84,0,1.38,0,0.14,0.15,1.45,3.58,0.05,0.31,0,0.03,0,0.16,1.01,0.03,0,0.88,0.45,17.22,0,0,0,0.49,0.04,0.07,1.63,8.74,0.20,2.66
2021-05-16,0,6.50,0.87,0,0.22,0,0.06,6.02,0,1.34,0,0.15,0.15,1.43,3.48,0.05,0.31,0,0.03,0,0.18,0.99,0.04,0,0.82,0.47,17.28,0,0,0,0.49,0.04,0.07,1.69,8.74,0.20,2.65
2021-05-17,0,6.72,0.85,0,0.23,0,0.05,6.23,0,1.32,0,0.14,0.15,1.42,3.43,0.06,0.31,0,0.04,0,0.17,1.04,0.03,0,0.82,0.47,17.08,0,0,0,0.48,0.04,0.08,1.70,8.98,0.20,2.62
2021-05-18,0,6.73,0.33,0,0.39,0,0.05,6.33,0,1.42,0,0.12,0.12,1.42,3.64,0.06,0.29,0,0.04,0,0.17,1.02,0.03,0,0.85,0.44,16.43,0,0,0,0.65,0.04,0.08,1.66,8.47,0.19,2.63
2021-05-19,0,6.71,0.82,0.00,0.38,0,0.05,6.19,0,1.39,0,0.12,0.12,1.41,3.61,0.05,0.30,0,0.03,0,0.17,1.00,0.03,0,0.80,0.44,15.96,0,0,0,0.58,0.04,0.09,1.59,8.37,0.19,2.62
2021-05-20,0,6.67,0.94,0.00,0.28,0,0.05,6.42,0,1.59,0,0.14,0.13,1.33,3.60,0.07,0.29,0,0.03,0,0.16,1.01,0.03,0,0.86,0.43,15.76,0,0,0,0.58,0.05,0.09,1.60,7.86,0.18,2.65
2021-05-21,0,6.56,0.96,0.00,0.26,0,0.05,6.41,0,1.72,0,0.12,0.13,1.32,3.51,0.08,0.28,0,0.03,0,0.16,0.97,0.03,0,0.84,0.40,15.09,0,0,0,0.60,0.05,0.08,1.58,8.16,0.17,2.64
2021-05-22,0,6.66,1.03,0.00,0.27,0,0.05,6.79,0,1.83,0,0.11,0.12,1.29,3.52,0.05,0.30,0,0.04,0,0.17,0.97,0.03,0,0.90,0.42,15.57,0,0,0,0.64,0.03,0.06,1.57,8.88,0.17,2.73
2021-05-23,0,6.62,1.04,0.00,0.28,0.00,0.06,6.97,0,1.80,0,0.12,0.11,1.38,3.48,0.07,0.29,0,0.03,0,0.17,0.96,0.03,0,0.92,0.42,15.69,0,0,0,0.56,0.05,0.06,1.54,8.72,0.19,2.70
2021-05-24,0,6.21,1.06,0.00,0.26,0.00,0.05,6.78,0,1.74,0,0.10,0.10,1.32,3.45,0.06,0.30,0,0.03,0,0.18,0.94,0.03,0,0.85,0.37,15.53,0,0,0,0.50,0.05,0.06,1.47,8.40,0.20,2.71
2021-05-25,0,6.27,1.02,0.00,0.25,0.00,0.05,6.76,0,1.68,0,0.12,0.10,1.38,3.48,0.06,0.30,0,0.03,0,0.17,0.93,0.03,0,0.88,0.36,15.41,0,0,0,0.53,0.04,0.06,1.55,8.97,0.20,2.74
2021-05-26,0,6.52,1.03,0,0.24,0.00,0.05,6.67,0,1.40,0,0.11,0.10,1.39,3.51,0.06,0.27,0,0.03,0,0.17,0.91,0.02,0,0.90,0.37,15.49,0,0,0,0.49,0.04,0.06,1.55,9.18,0.20,2.19
2021-05-27,0,6.66,0.98,0,0.21,0.00,0.06,6.71,0,1.50,0,0.12,0.12,1.31,3.54,0.06,0.27,0,0.03,0,0.19,0.89,0.02,0,0.92,0.40,15.79,0,0,0,0.45,0.03,0.07,1.50,9.48,0.18,2.90
2021-05-28,0,6.95,0.99,0.00,0.28,0.00,0.05,6.88,0,1.79,0,0.12,0.10,1.32,3.43,0.05,0.27,0,0.04,0,0.17,0.91,0.02,0,0.84,0.42,14.33,0,0,0,0.63,0.03,0.07,1.51,9.56,0.20,2.90
2021-05-29,0,6.90,1.06,0.00,0.23,0.00,0.06,6.94,0,1.40,0,0.13,0.08,1.27,3.52,0.05,0.27,0,0.03,0,0.17,0.91,0.02,0,0.85,0.44,14.90,0,0,0,0.47,0.03,0.06,1.38,9.89,0.18,2.73
2021-05-30,0,6.88,1.10,0.01,0.27,0.00,0.05,7.03,0,1.29,0,0.12,0.08,1.19,3.34,0.06,0.29,0,0.03,0,0.18,0.87,0.02,0,0.83,0.43,16.88,0,0,0,0.46,0.03,0.07,1.36,9.45,0.18,2.72
2021-05-31,0,6.71,1.18,0.02,0,0.00,0.05,7.10,0,1.25,0,0.11,0.07,1.24,3.19,0.06,0.30,0,0.03,0,0.19,0.89,0.02,0,0.81,0.41,17.26,0,0,0,0.50,0.02,0.05,1.40,9.84,0.18,2.72
2021-06-01,0,6.49,1.14,0.03,0.33,0.00,0.06,6.99,0,1.12,0,0.12,0.08,1.23,3.15,0.05,0.30,0,0.03,0,0.17,0.87,0.01,0,0.79,0.41,17.92,0,0,0,0.50,0.02,0.07,1.42,9.53,0.18,2.69
2021-06-02,0,6.57,1.15,0.04,0.34,0.00,0.06,6.73,0,1.09,0,0.12,0.08,1.27,3.24,0.05,0.30,0,0.03,0,0.17,0.90,0.02,0,0.79,0.42,18.47,0,0,0,0.58,0.02,0.07,1.44,8.87,0.18,2.59
2021-06-03,0,6.87,1.04,0.05,0.21,0.00,0.06,6.31,0,0,0,0.13,0.09,1.30,3.34,0.05,0.33,0,0.03,0,0.18,0.96,0.02,0,0.89,0.43,18.93,0,0,0,0.69,0.03,0.05,1.54,8.47,0.16,2.55
2021-06-04,0,7.24,1.03,0.05,0.26,0.00,0.06,6.42,0,0,0,0.12,0.08,1.32,3.26,0.05,0.26,0,0.03,0,0.18,0.93,0.02,0,0.89,0.42,19.41,0,0,0,0.68,0.03,0.08,1.47,8.10,0.17,2.48
2021-06-05,0,7.38,1.05,0.05,0.26,0.00,0.06,6.32,0,0,0,0.12,0.08,1.32,3.38,0.05,0.25,0,0.03,0,0.19,0.91,0.02,0,0.89,0.43,19.49,0,0,0,0.70,0.03,0.07,1.44,8.13,0.16,2.42
2021-06-06,0,7.22,1.01,0.06,0.41,0.00,0.07,6.24,0,0,0,0.12,0.09,1.30,3.36,0.05,0.27,0,0.03,0,0.19,0.95,0.02,0,0.91,0.42,19.07,0,0,0,0.69,0.02,0.08,1.40,8.41,0.16,2.46
2021-06-07,0,7.18,1.03,0.06,0.45,0.00,0.07,6.35,0,0,0,0.13,0.09,1.33,3.41,0.05,0.27,0,0.03,0,0.18,0.94,0.02,0,0.96,0.41,18.69,0,0,0,0.64,0.02,0.08,1.40,8.48,0.19,2.46
2021-06-09,0,6.43,1.03,0.06,0.38,0.00,0.06,6.22,0,1.27,0,0.13,0.08,1.33,3.40,0.06,0.26,0,0.04,0,0.17,0.95,0.02,0,1.08,0.43,17.43,0,0,0,0.42,0.02,0.08,1.45,8.05,0.19,2.32
2021-06-10,0,6.32,0.99,0.07,0.28,0.00,0.06,6.31,0,1.14,0,0.13,0.11,1.31,3.39,0.05,0.26,0,0.03,0,0.17,0.97,0.03,0,1.11,0.43,17.04,0,0,0,0.37,0.02,0.07,1.55,8.22,0.16,2.42
2021-06-11,0,6.47,0.97,0.08,0.27,0.00,0.06,6.27,0,1.18,0,0.12,0.12,1.24,3.33,0.05,0.27,0,0.03,0,0.15,0.95,0.03,0,1.12,0.43,16.88,0,0,0,0.38,0.02,0.07,1.44,8.24,0.18,2.34
2021-06-12,0,6.54,0.97,0.08,0.27,0.00,0.06,6.08,0,1.17,0,0.13,0.13,1.30,3.34,0.06,0.26,0,0.03,0,0.15,0.95,0.02,0,1.15,0.42,16.96,0,0,0,0.40,0.02,0.07,1.44,8.29,0.18,2.38
2021-06-13,0,6.47,1.00,0.08,0.29,0.00,0.06,6.36,0,1.16,0,0.14,0.12,1.33,3.52,0.05,0.33,0,0.03,0,0.16,0.99,0.02,0,1.25,0.44,17.24,0,0,0,0.38,0.02,0.05,1.48,8.54,0.19,0
2021-06-14,0,6.46,0.95,0.07,0.27,0.01,0.06,6.05,0,1.41,0,0.12,0.13,1.30,3.52,0.05,0.33,0,0.03,0,0.18,0.97,0.02,0,1.23,0.44,16.23,0,0,0,0.35,0.02,0.07,1.46,8.17,0.19,2.41
2021-06-15,0,6.31,0.95,0.07,0.23,0.01,0.06,6.26,0,1.45,0,0.12,0,1.30,3.71,0.05,0.31,0,0.03,0,0.17,0.95,0.02,0,1.37,0.43,15.81,0,0,0,0.33,0.03,0.07,1.50,8.46,0.17,2.57
2021-06-16,0,6.18,0.87,0.07,0.29,0.01,0.06,6.11,0,1.39,0,0.13,0.14,1.29,3.75,0.05,0.34,0,0.03,0,0.17,0.92,0.02,0,1.45,0.42,15.68,0,0,0,0.33,0.03,0.07,1.47,8.52,0.16,2.56
2021-06-17,0,6.25,0.82,0.07,0.21,0.01,0.06,6.11,0,1.61,0,0.14,0.16,1.29,3.77,0.06,0.35,0,0.03,0,0.17,0.94,0.03,0,1.70,0.42,15.06,0,0,0,0.32,0.03,0.06,1.47,8.45,0.17,2.67
2021-06-18,0,5.96,0.83,0.07,0.24,0.01,0.06,6.12,0,1.66,0,0.12,0.16,1.29,3.92,0.05,0.38,0,0.03,0,0.16,0.84,0.03,0,1.76,0.40,15.21,0,0,0,0.32,0.03,0.06,1.47,8.47,0.15,2.56
2021-06-19,0,6.18,0.84,0.07,0.20,0.01,0.05,5.94,0,1.72,0,0.15,0.16,1.31,3.88,0.05,0.32,0,0,0,0.18,0.88,0.03,0,1.83,0.37,15.28,0,0,0,0.31,0.03,0.06,1.53,8.32,0.17,2.53
2021-06-20,0,6.12,0.83,0.07,0.19,0.01,0.05,6.05,0,1.77,0,0.15,0.14,1.29,3.82,0.05,0.37,0,0,0,0.19,0.86,0.03,0,1.91,0.38,15.22,0,0,0,0.31,0.03,0.07,1.44,8.42,0.17,2.51
2021-06-21,0,6.02,0.83,0.07,0.18,0.02,0.05,6.18,0,1.78,0,0.14,0.15,1.31,3.89,0.05,0.42,0,0,0,0.16,0.86,0.03,0,2.03,0.37,14.91,0,0,0,0.27,0.02,0.07,1.51,8.63,0.17,1.66
2021-06-22,0,6.21,0.84,0.07,0.23,0.01,0.05,6.21,0,0,0,0.13,0.15,1.38,4.00,0.05,0.42,0,0.03,0,0.16,0.85,0.03,0,2.08,0.40,15.12,0,0,0,0.32,0.03,0.06,1.53,9.10,0.18,1.70
2021-06-23,0,6.11,0.83,0.07,0.23,0.02,0.06,6.26,0,1.75,0,0.13,0.13,1.39,3.96,0.05,0.46,0,0.03,0,0.16,0.84,0.03,0,2.01,0.37,14.61,0,0,0,0.30,0.03,0.07,1.50,8.43,0.17,1.69
2021-06-24,0,6.14,0.83,0.07,0.16,0.02,0.06,6.34,0,1.67,0,0.14,0.14,1.36,4.08,0.06,0.44,0,0.03,0,0.15,0.84,0.03,0,2.23,0.40,14.40,0,0,0,0.32,0.03,0.07,1.50,8.74,0.16,2.79
2021-06-25,0,5.82,0.84,0.07,0.17,0.02,0.06,6.03,0,1.72,0,0.14,0.16,1.42,4.29,0,0.43,0,0.03,0,0.16,0.80,0.03,0,2.33,0.41,14.91,0,0,0,0.33,0.03,0.06,1.57,8.54,0.17,2.81
2021-06-26,0,5.69,0.83,0.08,0.18,0.02,0.06,6.01,0,1.73,0,0.13,0.16,1.46,4.18,0.05,0.46,0,0.03,0,0.16,0.82,0.03,0,2.42,0.39,14.70,0,0,0,0.33,0.03,0.07,1.52,8.69,0.17,2.80
2021-06-27,0,5.54,0.82,0.08,0.17,0.01,0.06,6.09,0,1.75,0,0.14,0.17,1.38,4.23,0.05,0.48,0,0.03,0,0.16,0.79,0.03,0,2.63,0.39,14.57,0,0,0,0.32,0.03,0.08,1.54,8.53,0.16,2.87
2021-06-28,0,5.68,0.81,0.07,0.18,0.01,0.05,6.20,0,1.70,0,0.14,0.17,1.32,4.22,0.05,0.47,0,0.03,0,0.15,0.73,0.03,0,2.55,0.39,14.41,0,0,0,0.35,0.03,0.06,1.48,8.71,0.17,2.75
2021-06-29,0,5.91,0.82,0.07,0.18,0.01,0.06,6.27,0,1.71,0,0.14,0.17,1.34,4.36,0.05,0.53,0,0.03,0,0.12,0.77,0.03,0,2.53,0.37,14.15,0,0,0,0.35,0.03,0.07,1.48,8.58,0.15,2.82
2021-06-30,0,5.91,0.78,0.08,0.14,0.01,0.05,6.25,0,1.68,0,0.14,0.17,1.37,4.43,0.05,0.53,0,0.03,0,0.14,0.74,0.03,0,2.61,0.35,14.14,0,0,0,0.32,0.03,0.07,1.57,8.72,0.15,2.80
2021-07-01,0,5.88,0.77,0.07,0.15,0.01,0.05,6.35,0,1.69,0,0.13,0.18,1.39,4.56,0.05,0.52,0,0.03,0,0.14,0.72,0.03,0,2.68,0.26,13.99,0,0.00,0,0.32,0.03,0.07,1.48,8.79,0.16,2.91
2021-07-02,0,5.92,0.78,0.07,0.15,0.01,0.06,6.40,0,1.65,0,0.13,0.18,1.38,4.48,0.05,0.55,0,0.03,0,0.14,0.71,0.03,0,2.68,0.26,14.32,0,0.01,0,0.31,0.02,0.06,1.52,8.85,0.16,2.86
2021-07-03,0,5.97,0.78,0.07,0.15,0.01,0.06,6.41,0,1.68,0,0.13,0.18,1.40,4.59,0.05,0.56,0,0.03,0,0.14,0.73,0.03,0,2.64,0.26,14.57,0,0.02,0,0.30,0.03,0.07,1.53,8.94,0.17,2.92
2021-07-04,0,6.00,0.78,0.08,0.15,0.01,0.06,6.46,0,1.68,0,0.13,0.18,1.45,4.53,0.05,0.54,0,0.03,0,0.14,0.74,0.03,0,2.57,0.28,14.61,0,0.02,0,0.31,0.02,0.07,1.50,8.85,0.17,3.11
2021-07-05,0,5.92,0.82,0.08,0.15,0.01,0.05,6.33,0,1.70,0,0.13,0.17,1.44,4.51,0.04,0.56,0,0.03,0,0.14,0.73,0.03,0,2.46,0.28,14.51,0,0.03,0,0.30,0.02,0.06,1.57,8.77,0.17,3.18
2021-07-06,0,5.98,0.80,0.08,0.15,0.01,0.06,6.36,0,1.62,0,0.13,0.17,1.43,4.64,0.05,0.58,0,0.03,0,0.14,0.73,0.03,0,2.55,0.32,14.42,0,0.03,0,0.32,0.02,0.08,1.59,8.97,0.15,3.25
2021-07-07,0,6.00,0.82,0.07,0.14,0.01,0.06,6.25,0,1.63,0,0.13,0.16,1.41,4.53,0.05,0.57,0,0.03,0,0.14,0.72,0.03,0,2.51,0.33,14.44,0,0.04,0,0.32,0.02,0.08,1.58,8.79,0.16,3.27
2021-07-08,0,6.08,0.82,0.08,0.14,0.01,0.06,6.46,0,1.61,0,0.14,0.16,1.45,4.73,0.05,0.56,0,0.03,0,0.14,0.73,0.03,0,2.73,0.33,14.45,0,0.03,0,0.35,0.02,0.08,1.60,8.80,0.16,3.31
2021-07-09,0,5.97,0.81,0.08,0.14,0.01,0.06,6.42,0,1.56,0,0.13,0.16,1.40,4.72,0.05,0.53,0,0.03,0,0.15,0.71,0.03,0,2.74,0.33,14.36,0,0.03,0,0.36,0.02,0.07,1.61,8.80,0.15,3.23
2021-07-10,0,6.15,0.81,0.08,0.14,0.01,0.06,6.45,0,1.58,0,0.13,0.15,1.43,4.60,0.05,0.58,0,0.03,0,0.15,0.72,0.03,0,2.76,0.34,14.39,0,0.03,0,0.36,0.02,0.08,1.65,8.90,0.16,3.20
2021-07-11,0,6.01,0.83,0.08,0.12,0.01,0.06,6.44,0,1.56,0,0.13,0.15,1.43,4.59,0.05,0.56,0,0.03,0,0.15,0.74,0.03,0,2.85,0.34,14.21,0,0.04,0,0.38,0.02,0.07,1.63,8.97,0.15,3.29
2021-07-12,0,6.12,0.83,0.08,0.11,0.01,0.05,6.56,0,1.66,0,0.13,0.17,1.39,4.45,0.05,0.58,0,0,0,0.15,0.74,0.03,0,2.67,0.34,14.14,0,0.06,0,0.41,0.02,0.06,1.55,8.94,0.16,3.23
2021-07-13,0,6.06,0.81,0.08,0.11,0.02,0.05,6.55,0,1.64,0,0.13,0.18,1.42,4.41,0.05,0.55,0,0,0,0.14,0.75,0.02,0,2.72,0.34,14.14,0,0.07,0,0.39,0.02,0.07,1.57,9.05,0.16,3.26
2021-07-14,0,6.05,0.84,0.08,0.12,0.01,0.05,6.65,0,1.66,0,0.13,0.17,1.36,4.44,0.05,0.55,0,0,0,0.15,0.77,0.03,0,2.73,0.35,13.98,0,0.06,0,0.42,0.02,0.06,1.59,8.80,0.16,3.31
2021-07-15,0,6.04,0.82,0.08,0.13,0.01,0.05,6.66,0,1.71,0,0.13,0.16,1.41,4.37,0.06,0.55,0,0,0,0.15,0.75,0.03,0,2.73,0.37,14.36,0,0.07,0,0.43,0.02,0.07,1.58,9.11,0.15,3.35
2021-07-16,0,6.05,0.81,0.08,0.14,0.02,0.06,6.74,0,1.71,0,0.13,0.18,1.41,4.44,0.06,0.53,0,0,0,0.16,0.74,0.03,0,2.72,0.36,14.13,0,0.09,0,0.45,0.02,0.05,1.55,9.15,0.16,3.29
2021-07-17,0,6.64,0.91,0.09,0.15,0.02,0.06,7.41,0,1.65,0,0.15,0.19,1.55,4.97,0.06,0.62,0,0,0,0.17,0.84,0.03,0,2.95,0.42,15.54,0,0.10,0,0.51,0.02,0.06,1.78,0,0.18,3.63
2021-07-18,0,6.02,0.80,0.08,0.14,0.02,0.06,6.78,0,1.78,0,0.14,0.17,1.41,4.44,0.06,0.51,0,0,0,0.16,0.74,0.03,0,2.66,0.39,14.41,0,0.09,0,0.45,0.02,0.06,1.40,9.27,0.16,3.27
2021-07-19,0,6.13,0.81,0.08,0.14,0.02,0.06,6.86,0,1.81,0,0.14,0.17,1.41,4.51,0.06,0.52,0,0,0,0.15,0.73,0.03,0,2.65,0.40,14.32,0,0.07,0,0.47,0.02,0.06,1.53,9.18,0.16,3.35
2021-07-20,0,6.37,0.85,0.08,0.14,0.02,0.05,7.12,0,1.93,0,0.14,0.18,1.43,4.56,0.06,0.54,0,0,0,0.16,0.75,0.03,0,2.66,0.40,14.33,0,0.08,0,0.49,0.02,0.05,1.62,9.45,0.16,3.25
2021-07-21,0,6.50,0.86,0.08,0.14,0.01,0.06,7.22,0,1.87,0,0.14,0.18,1.44,4.66,0.06,0.55,0,0,0,0.16,0.77,0.03,0,2.70,0.41,14.43,0,0.11,0,0.49,0.02,0.06,1.58,9.60,0.18,3.39
2021-07-22,0,6.67,0.87,0.08,0.14,0.02,0.06,7.36,0,0,0,0.15,0.21,1.50,4.66,0.05,0.53,0,0,0,0.17,0.78,0.03,0,2.78,0.42,14.64,0,0.10,0,0.50,0.02,0.06,1.65,9.45,0.18,3.37
2021-07-23,0,6.66,0.86,0.08,0.14,0.02,0.06,6.97,0,2.05,0,0.15,0.17,1.45,4.65,0.05,0.56,0,0,0,0.16,0.76,0.03,0,2.75,0.40,13.74,0,0.10,0,0.51,0.02,0.06,1.66,9.28,0.18,3.42
2021-07-25,0,6.37,0.85,0.08,0.14,0.02,0.06,6.77,0,2.03,0,0.15,0.17,1.47,4.61,0.05,0.52,0,0,0,0.16,0.73,0.04,0,2.75,0.41,13.79,0,0.11,0,0.51,0.02,0.07,1.68,9.13,0.18,3.49
2021-07-26,0,6.36,0.83,0.07,0.14,0.02,0.06,6.83,0,2.07,0,0.14,0.18,1.46,4.63,0.05,0.46,0,0,0,0.16,0.74,0.03,0,2.76,0.40,14.25,0,0.10,0,0.52,0.02,0.09,1.12,9.00,0.18,3.46
2021-07-27,0,6.30,0.79,0.08,0.13,0.02,0.06,6.81,0,2.07,0,0.15,0.16,1.45,4.51,0.06,0.46,0,0,0,0.17,0.73,0.03,0,2.91,0.39,13.89,0,0.07,0,0.51,0.02,0.11,1.61,9.19,0.18,3.45
2021-07-28,0,6.31,0.76,0.08,0.16,0.02,0.05,6.85,0,2.05,0,0.15,0.17,1.47,4.57,0.06,0.47,0,0,0,0.16,0.75,0.03,0,2.93,0.39,13.48,0,0.08,0,0.52,0.02,0.10,1.58,9.27,0.18,3.49
2021-07-29,0,6.32,0.78,0.08,0.15,0.03,0.04,6.91,0,2.02,0,0.15,0.16,1.47,4.47,0.05,0.51,0,0.03,0,0.16,0.77,0.03,0,2.93,0.38,13.59,0,0.08,0,0.53,0.02,0.12,1.58,9.27,0.16,3.49
2021-07-30,0,6.25,0.77,0.08,0.16,0.03,0.04,6.98,0,1.96,0,0.15,0.16,1.46,4.50,0.05,0.49,0,0.03,0,0.16,0.75,0.03,0,2.96,0.38,13.48,0,0.09,0,0.53,0.02,0.13,1.62,9.18,0.17,3.48
2021-07-31,0,6.21,0.81,0.08,0.16,0.03,0.04,6.85,0,2.00,0,0.15,0.17,1.51,4.50,0.06,0.49,0,0.03,0,0.15,0.77,0.03,0,2.99,0.38,13.73,0,0.09,0,0.54,0.01,0.13,1.61,9.15,0.17,3.43
2021-08-01,0,6.22,0.81,0.08,0.16,0.03,0.04,6.76,0,1.96,0,0.15,0.16,1.49,4.53,0.06,0.50,0,0.03,0,0.16,0.76,0.03,0,3.00,0.38,13.82,0,0.09,0,0.55,0.02,0.15,1.61,9.14,0.17,3.46
2021-08-02,0,6.20,0.82,0.08,0.14,0.03,0.04,6.76,0,1.87,0,0.15,0.21,1.52,4.58,0.06,0.49,0,0.03,0,0.15,0.81,0.03,0,2.93,0.35,14.19,0,0.09,0,0.56,0.02,0.14,1.61,9.05,0.17,3.38
2021-08-03,0,6.56,0.90,0.08,0.18,0.02,0.05,0,0,1.95,0,0.16,0.20,1.57,4.84,0.06,0.53,0,0.04,0,0.14,0.85,0.03,0,3.33,0.37,14.99,0,0.09,0,0.59,0.02,0.19,1.64,9.71,0.18,3.62
2021-08-04,0,6.36,0.91,0.08,0.18,0.02,0.05,3.49,0,1.88,0,0,0.20,1.52,4.69,0.06,0.52,0,0.03,0,0.12,0.82,0.03,0,3.26,0.36,14.58,0,0.09,0,0.56,0.02,0.18,1.62,9.51,0.17,3.58
2021-08-05,0,6.38,0.96,0.08,0.18,0.02,0.05,3.58,0,1.89,0,0,0.20,1.55,4.62,0.06,0.52,0,0.03,0,0.13,0.80,0.04,0,3.17,0.36,14.80,0,0.08,0,0.59,0.03,0.19,1.63,9.56,0.18,3.58
2021-08-06,0,6.41,0.93,0.08,0.18,0.02,0.05,3.85,0,1.92,0,0.15,0.20,1.56,4.80,0.06,0.52,0,0.03,0,0.14,0.77,0.04,0,3.23,0.37,14.68,0,0.09,0,0.58,0.03,0.19,1.62,9.38,0.18,3.50
2021-08-07,0,6.37,0.96,0.08,0.17,0.02,0.06,3.96,0,1.93,0,0.15,0.18,1.49,4.69,0.06,0.51,0,0.04,0,0.13,0.80,0.04,0,3.44,0.37,15.23,0,0.08,0,0.58,0.03,0.19,1.64,9.02,0.18,3.46
2021-08-08,0,6.31,0.99,0.08,0.16,0.02,0.06,3.97,0,1.92,0,0.15,0.17,1.52,4.50,0.06,0.50,0,0.04,0,0.13,0.44,0.04,0,3.35,0.37,15.71,0,0.09,0,0.55,0.02,0.20,1.68,8.91,0.18,3.41
2021-08-09,0,6.01,0.98,0.07,0.15,0.02,0.06,7.00,0,1.88,0,0.14,0.16,1.49,4.31,0.06,0.53,0,0.04,0,0.10,0.75,0.04,0,3.41,0.36,15.48,0,0.09,0,0.55,0.03,0.20,1.62,8.41,0.17,3.27
2021-08-10,0,6.04,1.07,0.08,0.15,0.02,0.06,6.92,0,1.93,0,0.14,0.16,1.50,4.42,0.06,0.56,0,0.04,0,0.11,0.75,0.04,0,3.48,0.36,15.64,0,0.08,0,0.55,0.02,0.19,1.54,8.56,0.17,3.25
2021-08-11,0,6.01,1.09,0.08,0.15,0.02,0.06,6.77,0,1.91,0.00,0.14,0.17,1.45,4.43,0.06,0.56,0,0.03,0,0.11,0.77,0.03,0,3.56,0.35,15.67,0,0.09,0,0.56,0.03,0.20,1.52,8.63,0.17,3.26
2021-08-12,0,5.98,1.13,0.07,0.15,0.02,0.06,6.75,0,1.93,0.00,0.14,0.17,1.45,4.40,0.06,0.52,0,0.03,0,0.08,0.76,0.03,0,3.67,0.36,15.77,0,0.08,0,0.58,0.03,0.20,1.58,8.53,0.18,3.33
2021-08-13,0,5.92,1.15,0.08,0.15,0.02,0.06,6.74,0,1.92,0.01,0.14,0.16,1.50,4.26,0.05,0.53,0,0.03,0,0.10,0.78,0.03,0,3.60,0.36,16.13,0,0.09,0,0.57,0.03,0.20,1.59,8.49,0.16,3.34
2021-08-14,0,5.87,1.15,0.08,0.15,0.02,0.06,6.74,0,1.88,0.04,0.13,0.16,1.51,4.25,0.06,0.50,0,0.03,0,0.10,0.75,0.03,0,3.68,0.34,15.79,0,0.09,0,0.58,0.03,0.21,1.58,8.54,0.16,3.31
2021-08-15,0,5.75,1.18,0.07,0.14,0.02,0.06,6.41,0,1.82,0.24,0.14,0.17,1.49,4.06,0.05,0.54,0,0.03,0,0.09,0.75,0.03,0,3.82,0.35,16.01,0,0.08,0,0.60,0.03,0.21,1.61,8.35,0.16,3.30
2021-08-16,0,5.68,1.23,0.08,0.14,0.02,0.06,6.42,0,1.72,0.44,0.14,0.15,1.47,4.05,0.05,0.55,0,0.03,0,0.09,0.77,0.03,0,3.78,0.34,15.82,0,0.08,0,0.61,0.03,0.21,1.58,8.46,0.16,3.32
2021-08-17,0,5.64,1.21,0.08,0.13,0.02,0.06,6.38,0,1.73,0.55,0.14,0.17,1.53,4.24,0.06,0.56,0,0.03,0,0.09,0.78,0.04,0,3.92,0.33,15.34,0,0.09,0,0.64,0.03,0.21,1.56,8.51,0.15,3.33
2021-08-18,0,5.61,1.19,0.08,0.13,0.02,0.06,6.41,0,1.73,0.77,0.14,0.17,1.50,4.08,0.06,0.55,0,0.03,0,0.09,0.79,0.03,0,4.04,0.33,15.38,0,0.09,0,0.65,0.03,0.20,1.52,8.57,0.15,3.30
2021-08-19,0,5.72,1.26,0.08,0.13,0.02,0.06,6.64,0,1.77,1.11,0.14,0.17,1.57,4.23,0.06,0.51,0,0,0,0.08,0.82,0.00,0,4.12,0.33,15.85,0,0.09,0,0.67,0.04,0.21,1.60,6.19,0.15,3.48
2021-08-20,0,5.72,1.25,0.08,0.14,0.02,0.07,6.73,0,1.81,1.19,0.14,0.17,1.51,4.01,0.06,0.51,0,0,0,0.09,0.81,0.03,0,4.07,0.35,15.67,0,0.09,0.08,0.69,0.04,0.23,1.61,6.21,0.16,3.48
2021-08-21,0,5.77,1.19,0.07,0.14,0.02,0.06,6.17,0,1.75,1.50,0.14,0.14,1.48,3.95,0.06,0.50,0,0,0,0.07,0.78,0.03,0,4.00,0.30,16.13,0,0.08,0,0.64,0.03,0.21,1.37,8.35,0.14,3.33
2021-08-22,0,5.54,1.19,0.08,0.14,0.02,0.06,6.12,0,1.73,1.68,0.14,0.16,1.53,3.70,0.06,0.51,0,0,0,0.07,0.77,0.03,0,4.31,0.32,15.22,0,0.08,0,0.64,0.04,0.20,1.45,8.88,0.15,3.42
2021-08-24,0,5.63,1.16,0.08,0.13,0.02,0.06,5.99,0,1.70,2.16,0.14,0.15,1.41,3.68,0.06,0.51,0,0,0,0.08,0.76,0.03,0,4.29,0.31,14.84,0,0.09,0,0.63,0.02,0.22,1.47,9.08,0.15,3.46
2021-08-25,0,5.69,1.24,0.08,0.14,0.02,0.06,6.44,0,1.70,2.37,0.14,0.15,1.46,3.67,0.07,0.49,0,0,0,0.07,0.79,0.03,0,4.33,0.32,14.91,0,0.09,0,0.67,0.03,0.23,1.49,9.34,0.16,3.47
2021-08-26,0,5.72,1.21,0.08,0.13,0.02,0.06,6.45,0,1.73,2.62,0.14,0.15,1.53,3.54,0.05,0.50,0,0,0,0.07,0.82,0.03,0,4.40,0.31,14.67,0,0.09,0,0.67,0.03,0.23,1.49,9.35,0.16,3.47
2021-08-27,0,5.68,1.22,0.08,0.14,0.01,0.06,6.64,0,1.78,2.88,0.14,0.15,1.51,3.27,0.06,0.47,0,0,0,0.06,0.81,0.03,0,4.32,0.31,14.36,0,0.09,0,0.74,0.02,0.23,1.41,9.05,0.18,3.63
2021-08-28,0.00,5.63,1.33,0.08,0.13,0.01,0.06,6.40,0,1.89,2.91,0.14,0.15,1.49,3.34,0.05,0.45,0,0.03,0,0.06,0.77,0.03,0,4.43,0.29,14.20,0,0.09,0,0.71,0.02,0.22,1.42,8.88,0.24,3.86
2021-08-29,0,5.71,1.50,0.07,0.18,0.01,0.06,6.06,0,2.01,3.41,0.12,0.15,1.22,3.18,0.04,0.42,0,0.03,0,0.05,0.68,0.02,0,4.84,0.28,14.06,0,0.08,0,0.76,0.08,0.19,1.24,8.22,0.21,4.35
2021-08-30,0,5.90,1.41,0.05,0.31,0.04,0.04,5.90,0,4.90,4.87,0.09,0.18,1.03,2.98,0.04,0.40,0,0.02,0,0.04,0.65,0.02,0,4.58,0.25,14.02,0,0.07,0,1.01,0.06,0.14,1.02,7.26,0.17,4.20
2021-08-31,0,5.82,1.49,0.05,0.30,0.05,0.04,6.35,0,0,5.12,0.09,0.16,0.99,3.12,0.04,0.39,0,0.02,0,0.04,0.63,0.02,0,5.22,0.25,15.37,0,0.06,0,1.07,0.08,0.14,0.99,7.47,0.17,4.48
2021-09-01,0,5.42,1.42,0.04,0.28,0.04,0.03,6.07,0,6.22,4.64,0.08,0.19,0.90,2.96,0.03,0.37,0,0.02,0,0.04,0.61,0.01,0,4.88,0.24,14.82,0,0.06,0,0.99,0.07,0.12,0.87,7.03,0.15,4.08
2021-09-02,0,5.33,1.38,0.04,0.30,0.07,0.03,6.15,0,7.16,4.63,0.08,0.22,0.92,3.00,0.03,0.34,0,0.02,0,0.04,0.59,0.01,0,5.11,0.24,14.79,0,0.05,0,0.94,0.07,0.12,0.86,7.17,0.15,3.81
2021-09-03,0,5.36,1.45,0.04,0.32,0.02,0.03,6.33,0,6.93,4.60,0.08,0.22,0.94,2.94,0.04,0.15,0,0.02,0,0.03,0.59,0.01,0,4.90,0.24,14.86,0,0.05,0,0.82,0.09,0.12,0.92,8.07,0.15,3.42
2021-09-04,0,5.50,1.44,0.04,0.29,0.01,0.03,6.52,0,6.38,4.67,0.08,0.21,0.97,2.90,0.04,0.15,0,0.02,0,0.03,0.60,0.01,0,4.93,0.25,14.45,0,0.06,0,0.75,0.09,0.14,0.94,8.44,0.15,3.43
2021-09-05,0,5.66,1.40,0.04,0.29,0.02,0.03,6.31,0,7.01,4.60,0.08,0.21,1.01,2.93,0.04,0.15,0,0.02,0,0.03,0.60,0.01,0,4.68,0.25,14.16,0,0.06,0,0.77,0.09,0.15,0.96,8.41,0.16,3.41
2021-09-06,0.00,6.35,1.57,0.05,0.34,0.02,0.04,6.92,0,3.08,5.33,0.09,0.16,1.17,3.34,0.05,0.18,0,0.02,0,0.04,0.61,0.02,0,5.29,0.26,9.04,0,0.07,0,0.78,0.09,0.17,0.97,9.83,0.19,3.57
2021-09-07,0.00,6.30,1.41,0.06,0.33,0.02,0.04,6.45,0,6.59,5.16,0.10,0.15,1.19,3.43,0.05,0.19,0,0.02,0,0.05,0.60,0.01,0,5.21,0.24,8.51,0,0.07,0,0.69,0.10,0.17,1.02,8.99,0.19,3.58
2021-09-09,0.00,5.89,1.48,0.06,0.35,0.01,0.04,6.44,0,5.05,5.22,0.10,0.25,1.14,3.29,0.05,0.19,0,0.02,0,0.20,0.60,0.01,0,5.23,0.27,8.53,0,0.06,0,0.93,0.10,0.17,1.17,8.04,0.18,4.31
2021-09-10,0.00,6.05,1.48,0.05,0.33,0.01,0.04,6.54,0,4.82,4.97,0.10,0.23,1.12,3.32,0.04,0.18,0,0.02,0,0.20,0.59,0.01,0,5.45,0.26,8.70,0,0.06,0,1.05,0.09,0.16,1.11,8.00,0.18,4.22
2021-09-11,0.00,6.54,1.60,0.06,0.34,0.01,0.04,7.07,0,4.41,5.32,0.10,0.24,1.22,3.52,0.05,0.19,0,0.02,0,0.22,0.60,0.02,0,5.70,0.31,5.17,0,0.07,0,1.17,0.10,0.18,1.04,8.39,0.19,4.21
2021-09-12,0.00,6.26,1.61,0.06,0.33,0.01,0.04,7.01,0,4.89,5.40,0.10,0.23,1.20,3.64,0.05,0.19,0,0.02,0,0.26,0.59,0.02,0,5.90,0.30,5.30,0,0.07,0,1.06,0.10,0.17,1.10,8.10,0.19,4.12
2021-09-13,0.00,6.21,1.52,0.06,0.27,0.01,0.04,7.30,0,4.65,5.67,0.11,0.23,1.28,3.74,0.05,0.20,0,0.02,0,0.25,0.61,0.02,0,5.51,0.28,5.54,0,0.07,0,0.86,0.10,0.19,1.21,8.39,0.20,3.91
2021-09-14,0.00,6.22,1.71,0.07,0.23,0.01,0.05,6.61,0,5.97,6.12,0.12,0.14,1.35,3.50,0.05,0.23,0,0.03,0,0.30,0.71,0.03,0,5.01,0.30,5.76,0,0.07,0,0.76,0.04,0.18,1.38,8.24,0.21,3.41
2021-09-15,0.00,6.69,2.05,0.08,0.24,0.02,0.05,7.26,0,3.39,6.72,0.25,0.15,1.51,3.77,0.06,0.27,0,0.03,0,0.35,0.81,0.03,0,5.36,0.35,0,0,0.09,0,0.67,0.05,0.20,1.48,9.28,0.25,3.63
2021-09-16,0.00,6.32,2.18,0.07,0.22,0.01,0.05,6.67,0,6.80,6.54,0.39,0.15,1.48,3.84,0.06,0.28,0,0.03,0,0.33,0.76,0.03,0,5.08,0.34,0,0,0.08,0,0.61,0.04,0.22,1.44,9.01,0.24,3.49
2021-09-17,0.00,6.34,2.32,0.08,0.22,0.02,0.05,6.73,0,4.58,6.63,0.58,0.15,1.48,3.85,0.06,0.29,0,0.03,0,0.36,0.77,0.03,0,5.41,0.36,0,0,0.09,0,0.63,0.04,0.22,1.51,9.15,0.24,3.60
2021-09-18,0.00,6.18,2.49,0.07,0.22,0.02,0.05,6.66,0,5.03,6.79,0.91,0.17,1.43,3.95,0.05,0.28,0,0.03,0,0.36,0.78,0.03,0,5.33,0.36,0,0,0.08,0,0.61,0.05,0.22,1.46,9.01,0.25,3.60
2021-09-19,0.00,6.28,2.65,0.07,0.21,0.02,0.06,6.91,0,4.36,7.06,1.22,0.17,1.49,4.07,0.06,0.29,0,0.04,0,0.38,0.80,0.03,0,5.32,0.40,0,0,0.09,0,0.63,0.04,0.21,1.51,9.01,0.27,3.70
2021-09-20,0.00,6.14,3.21,0.08,0.18,0.02,0.06,6.88,0,3.99,7.37,2.30,0.16,1.53,4.10,0.05,0.26,0,0.03,0,0.41,0.80,0.03,0,5.19,0.38,0,0,0.09,0,0.62,0.03,0.23,1.59,7.89,0.26,3.77
2021-09-21,0.00,6.13,3.37,0.08,0.18,0.02,0.05,6.67,0,4.25,7.49,2.52,0.16,1.52,4.06,0.06,0.25,0,0.03,0,0.41,0.79,0.04,0,5.24,0.36,0,0,0.09,0,0.60,0.03,0.22,1.54,7.97,0.25,3.64
2021-09-22,0.00,6.18,4.06,0.07,0.18,0.02,0.05,6.58,0,4.06,7.35,3.06,0.15,1.47,4.19,0.07,0.26,0,0.03,0.00,0.39,0.78,0.03,0,5.21,0.37,0,0,0.08,0,0.57,0.03,0.23,1.54,7.96,0.24,3.62
2021-09-23,0.00,6.16,4.51,0.07,0.16,0.02,0.06,6.43,0,3.85,6.74,3.50,0.16,1.50,4.21,0.06,0.27,0,0.03,0.00,0.36,0.80,0.03,0,5.10,0.44,0,0,0.08,0,0.55,0.03,0.20,1.53,8.90,0.26,3.56
2021-09-24,0.00,6.16,5.33,0.07,0.15,0.02,0.06,6.34,0,3.86,6.50,3.70,0.15,1.39,4.20,0.05,0.26,0,0.03,0.00,0.41,0.81,0.03,0,5.16,0.41,0,0,0.08,0,0.61,0.02,0.20,1.50,8.47,0.23,3.57
2021-09-25,0.00,5.99,5.70,0.06,0.14,0.02,0.05,6.11,0,6.31,6.04,4.05,0.14,1.29,4.00,0.05,0.24,0,0.03,0.00,0.35,0.75,0.03,0,5.02,0.38,0,0,0.08,0,0.75,0.02,0.18,1.39,7.98,0.21,3.68
2021-09-26,0.00,5.77,6.65,0.06,0.13,0.04,0.05,5.77,0,6.11,5.48,6.10,0.17,1.15,4.07,0.05,0.21,0,0.03,0.05,0.30,0.66,0.03,0,5.71,0.34,0,0,0.07,0,1.01,0.02,0.16,1.20,7.89,0.19,0
2021-09-27,0.00,5.18,6.83,0.05,0.19,0.02,0.04,5.42,0,14.25,4.39,6.27,0.15,0.92,3.79,0.04,0.18,0,0.02,0.05,0.25,0.54,0.02,0,5.49,0.27,0,0,0.05,0,0.92,0.03,0.13,1.00,6.98,0.15,0
2021-09-28,0.00,5.12,6.83,0.04,0.28,0.02,0.04,5.62,0,15.18,4.19,6.26,0.15,0.90,3.83,0.03,0.17,0,0.02,0.05,0.23,0.52,0.02,0,5.81,0.26,0,0,0.05,0,0.85,0.02,0.12,0.93,6.61,0.14,0.04
2021-09-29,0.00,5.50,7.50,0.04,0.27,0,0.04,6.34,0,7.57,4.33,6.82,0.18,0.96,4.15,0.04,0.17,0,0.02,0.06,0.25,0.56,0.02,0,6.97,0.26,0,0,0.06,0,1.08,0.04,0.12,0.99,7.48,0.15,0
2021-09-30,0.00,5.58,7.38,0.05,0.29,0.03,0.04,6.43,0,7.93,4.21,6.16,0.19,0.95,4.11,0.04,0.18,0,0.02,0.47,0.24,0.59,0.02,0,7.19,0.25,0,0,0.06,0,0.84,0.04,0.12,0.98,7.72,0.14,0
2021-10-01,0.00,5.64,7.26,0.05,0.29,0.04,0.04,6.51,0.15,7.34,4.20,5.98,0.18,0.96,4.06,0.04,0.16,0,0.02,0.53,0.25,0.60,0.02,0,7.00,0.25,0,0,0.06,0,0.70,0.05,0.12,1.00,7.90,0.14,0
2021-10-02,0.00,5.41,6.85,0.04,0.25,0.04,0.04,6.21,0.14,12.89,3.98,5.71,0.17,0.91,3.82,0.03,0.15,0,0.02,0.50,0.23,0.56,0.01,0,6.34,0.24,0,0,0.05,0,0.67,0.04,0.11,0.95,7.56,0.14,0
2021-10-03,0.00,5.51,6.98,0.04,0.26,0.08,0.03,6.10,0.14,7.23,4.73,5.52,0.17,0.98,3.77,0.03,0.15,0,0.02,0.50,0.26,0.57,0.02,0,6.72,0.21,0,0,0.05,0,0.65,0.04,0.11,0.95,7.23,0.15,2.10
2021-10-04,0.00,0,7.75,0.05,0.35,0.08,0.04,6.53,0.35,4.12,5.25,6.02,0.18,1.09,4.04,0.04,0.15,0,0.02,0.79,0.31,0.66,0.02,0,7.07,0.25,0,0,0.05,0,0.62,0.03,0.13,1.10,7.77,0.16,0
2021-10-05,0.00,5.62,6.95,0.04,0.32,0.01,0.04,6.05,0.42,7.83,4.36,5.20,0.18,0.97,3.73,0.03,0.14,0,0.02,0.35,0.23,0.59,0.02,0,7.10,0.25,0,0,0.05,0,0.60,0.03,0.12,1.01,7.64,0.14,0
2021-10-06,0.00,5.60,6.98,0.04,0.30,0.01,0.03,6.11,0.39,6.61,4.34,4.96,0.21,0.97,3.70,0.03,0.18,0,0.02,0.46,0.23,0.61,0.02,0,7.19,0.30,0,0,0.05,0,0.67,0.03,0.11,1.01,7.64,0.14,0
2021-10-07,0,5.74,6.86,0.04,0.36,0.01,0.04,6.33,0.42,6.28,4.25,4.91,0.19,0.98,4.03,0.03,0.20,0,0.02,0.50,0.24,0.57,0.01,0,7.22,0.31,0,0,0.05,0,0.74,0.03,0.11,1.02,7.81,0.15,0
2021-10-08,0.00,5.79,6.98,0.04,0.35,0.16,0.04,6.74,0.44,5.56,4.30,4.86,0.20,0.98,4.13,0.03,0.18,0,0.02,0.38,0.22,0.61,0.01,0,7.26,0.30,0,0,0.05,0,0.80,0.03,0.11,1.04,7.65,0.15,0
2021-10-09,0.00,5.88,7.09,0.04,0.36,0.16,0.04,6.80,0.46,5.55,4.40,4.93,0.20,1.01,4.26,0.03,0.19,0,0.02,0.39,0.23,0.62,0.01,0,7.16,0.30,0,0,0.05,0,0.81,0.03,0.12,1.07,7.68,0.15,0
2021-10-10,0.00,5.78,7.12,0.04,0.35,0.12,0.04,6.72,0.43,5.41,4.41,4.87,0.19,0.98,4.00,0.03,0.19,0,0.02,0.29,0.23,0.63,0.01,0,6.97,0.30,0,0,0.05,0,0.77,0.06,0.13,1.02,7.52,0.14,2.17
2021-10-11,0.00,5.90,6.81,0.04,0.38,0.20,0.04,6.52,0.44,4.46,5.03,5.17,0.10,1.09,4.05,0.04,0.17,0,0.02,0.29,0.24,0.63,0.01,0,6.68,0.29,0,0,0.05,0,0.69,0.06,0.12,1.06,7.01,0.14,2.31
2021-10-12,0.00,6.24,6.95,0.05,0.35,0.11,0.05,7.30,0.48,3.70,4.60,4.58,0.11,1.14,3.94,0.04,0.15,0,0.02,0.23,0.27,0.70,0.01,0,6.58,0.29,0,0,0.05,0,0.57,0.04,0.10,1.12,8.30,0.16,2.02
2021-10-13,0.00,5.90,7.42,0.07,0.31,0.09,0.05,5.27,0.53,3.26,5.22,5.97,0.12,1.39,4.37,0.06,0.19,0,0.03,0.25,0.31,0.87,0.02,0,6.46,0.27,0,0,0.06,0,0.55,0.02,0.12,1.23,7.23,0.16,2.43
2021-10-14,0.00,5.20,6.55,0.08,0.29,0.12,0.07,6.11,0.58,2.61,5.36,6.24,0.13,1.46,4.24,0.06,0.22,0,0.03,0.28,0.37,0.80,0.02,0,5.86,0.31,0,0,0.07,0,0.55,0.03,0.14,1.34,8.39,0.19,2.88
2021-10-15,0.00,5.16,6.69,0.08,0.24,0.13,0.07,5.95,0.59,2.22,5.43,6.54,0.13,1.52,4.27,0.06,0.20,0,0.04,0.27,0.37,0.41,0.02,0,5.73,0.34,0,0,0.07,0,0.56,0.03,0.15,1.30,7.89,0.21,3.00
2021-10-16,0.00,5.63,7.23,0.09,0.25,0.14,0.08,6.26,0.67,2.31,5.81,0.14,0.15,1.68,4.59,0.07,0.22,0,0,0.29,0.42,0.44,0.02,0,5.93,0.38,0,0,0.09,0,0.57,0.03,0.17,1.43,8.07,0.21,3.29
2021-10-17,0.00,5.33,6.60,0.08,0.23,0.13,0.08,5.95,0.63,1.97,5.40,6.80,0.13,1.55,4.26,0.07,0.21,0,0.04,0.25,0.40,0.56,0.02,0,5.38,0.38,0,0,0.09,0,0.49,0.03,0.16,1.37,7.82,0.21,2.99
2021-10-18,0.00,5.17,6.33,0.09,0.41,0.12,0.06,5.40,0.61,2.01,5.02,6.64,0.14,1.55,4.16,0.07,0.19,0,0.04,0.27,0.39,0.70,0.02,0,5.68,0.36,0,0,0.10,0,0.49,0.03,0.16,1.35,7.25,0.18,3.62
2021-10-19,0.00,5.11,6.23,0.09,0.41,0.13,0.06,5.14,0.61,1.67,5.09,6.79,0.16,1.58,4.23,0.07,0.18,0,0.04,0.27,0.24,0.71,0.02,0,5.68,0.34,0,0,0.10,0,0.49,0.02,0.16,1.38,7.45,0.19,3.85
2021-10-20,0.00,4.78,5.95,0.09,0.46,0.12,0.06,5.05,0.60,1.35,5.26,6.91,0.15,1.59,4.18,0.08,0.19,0,0.04,0.28,0.43,0.72,0.02,0,5.70,0.35,0,0,0.10,0,0.47,0.02,0.18,1.37,7.19,0.20,3.99
2021-10-21,0.00,4.61,5.80,0.09,0.48,0.12,0.06,4.85,0.61,1.33,5.27,6.98,0.16,1.58,4.09,0.07,0.22,0,0.04,0.29,0.45,0.74,0.02,0,5.73,0.36,0,0,0.11,0,0.46,0.02,0.19,1.39,7.04,0.21,4.25
2021-10-22,0.00,4.67,5.93,0.10,0.55,0.12,0.07,4.87,0.63,1.34,5.42,3.13,0.16,1.67,4.12,0.07,0.24,0,0.04,0.30,0.48,0.77,0.02,0,5.93,0.35,0,0.00,0.11,0,0.48,0.02,0.21,1.42,7.32,0.23,4.65
2021-10-23,0.00,4.38,5.63,0.09,0.49,0.12,0.06,4.74,0.62,1.30,5.16,7.01,0.17,1.63,3.98,0.07,0.24,0,0.04,0.28,0.46,0.73,0.02,0,5.69,0.34,0,0.00,0.10,0,0.47,0.02,0.21,1.41,7.06,0.22,4.65
2021-10-25,0.00,4.62,5.69,0.10,0.40,0.12,0.06,4.47,0.60,1.29,5.05,6.78,0.16,1.62,3.87,0.07,0.23,0,0.04,0.28,0.45,0.78,0.03,0,5.70,0.35,0,0.03,0.11,0,0.47,0.02,0.22,1.43,7.19,0.22,5.52
2021-10-27,0.00,4.69,5.63,0.09,0.43,0.13,0.06,4.67,0.63,1.30,5.60,6.87,0.17,1.67,3.79,0.06,0.24,0,0.04,0.25,0.50,0.78,0.02,0,5.30,0.44,0,0.08,0.11,0,0.49,0.02,0.21,1.45,7.83,0.24,4.79
2021-10-28,0.00,4.69,5.74,0.09,0.42,0.13,0.06,4.52,0.64,1.29,5.69,6.85,0.17,1.67,3.83,0.06,0.27,0,0.04,0.25,0.49,0.82,0.02,0,4.47,0.43,0,0.10,0.11,0,0.50,0.02,0.25,1.50,8.10,0.26,4.94
2021-10-29,0.00,4.68,5.75,0.10,0.40,0.13,0.06,4.52,0.61,1.30,5.65,7.01,0.17,1.72,3.83,0.06,0.29,0,0.04,0.24,0.49,0.83,0.02,0,4.61,0.49,0,0.12,0.11,0,0.50,0.02,0.26,1.53,8.24,0.26,4.94
2021-10-31,0.00,4.64,5.92,0.11,0.43,0.12,0.06,4.49,0.65,1.19,5.38,7.09,0.18,1.74,3.90,0.06,0.30,0,0.04,0.26,0.29,1.47,0.02,0,4.83,0.49,0,0.17,0.12,0,0.01,0.02,0.25,1.56,8.12,0.25,4.80
2021-11-01,0.01,4.66,6.32,0.11,0.25,0.13,0.07,4.64,0.67,1.22,5.63,2.97,0.19,1.86,4.09,0.07,0.32,0,0.04,0.28,0.50,1.57,0.03,0,5.09,0.53,0,0.25,0.13,0,0,0.02,0.27,1.67,8.32,0.27,5.14
2021-11-02,0.01,4.57,6.27,0.10,0.24,0.14,0.09,4.45,0.66,1.11,5.72,7.50,0.16,1.74,3.98,0.06,0.28,0,0,0.30,0.50,1.54,0.02,0,4.99,0.52,0,0.26,0.12,0,0,0.02,0.28,1.61,5.77,0.27,4.87
2021-11-03,0.01,4.48,6.33,0.10,0,0.14,0.08,4.55,0.64,0.68,5.88,7.83,0.17,1.72,3.95,0.05,0.33,0,0,0.28,0.49,1.56,0.03,0,5.16,0.50,0,0.32,0.12,0,0,0.02,0.30,1.66,6.01,0.30,4.97
2021-11-04,0.00,4.45,6.35,0.10,0,0.13,0,4.48,0.61,0.67,6.12,7.87,0.17,1.72,3.88,0.06,0.34,0,0,0.28,0.49,1.58,0.03,0,5.07,0.54,0,0.38,0.11,0,0,0.02,0.29,1.65,6.01,0.29,4.84
2021-11-05,0.00,4.43,6.57,0.09,0,0.13,0,4.50,0.62,0.80,6.00,8.28,0.17,1.72,3.90,0.07,0.31,0,0,0.26,0.49,1.64,0.03,0,5.17,0.55,0,0.46,0.11,0,0,0.02,0.29,1.66,6.08,0.27,4.95
2021-11-06,0.00,4.54,7.05,0.10,0,0.14,0,4.83,0.64,0.71,6.60,8.57,0.18,1.75,4.03,0.06,0.32,0,0,0.29,0.47,1.74,0.03,0,0.86,0.58,0,0.48,0.11,0,0,0.02,0.29,1.77,6.25,0.25,5.25
2021-11-07,0.00,4.36,6.78,0.08,0.24,0.14,0,4.45,0.61,0.72,6.29,8.11,0.18,1.67,3.84,0.06,0.30,0,0,0.27,0.44,1.67,0.03,0,5.36,0.57,0,0.47,0.10,0,0.00,0.02,0.28,1.66,6.04,0.24,4.79
2021-11-08,0.00,4.31,6.87,0.09,0.21,0.14,0,4.49,0.62,0.86,6.52,8.08,0.17,1.59,3.97,0.06,0.32,0,0,0.25,0.45,1.67,0.03,0,5.50,0.58,0,0.47,0.10,0,0.00,0.02,0.27,1.69,5.97,0.26,4.78
2021-11-09,0.00,4.40,6.84,0.08,0.14,0.14,0,4.49,0.60,1.05,6.59,8.09,0.17,1.56,3.95,0.06,0.31,0,0,0.27,0.45,1.71,0.03,0,5.57,0.55,0,0.57,0.10,0,0,0.02,0.28,1.71,5.73,0.24,4.69
2021-11-10,0.00,4.46,7.10,0.09,0.16,0.13,0,4.49,0.59,1.06,6.54,7.95,0.16,1.55,3.98,0.06,0.30,0,0,0.25,0.43,1.66,0.03,0,5.75,0.51,0,0.68,0.09,0,0.12,0.02,0.27,1.68,5.63,0.24,4.66
2021-11-11,0.00,4.45,7.18,0.08,0.16,0.13,0,4.55,0.58,1.10,6.45,7.72,0.17,1.55,4.12,0.06,0.29,0,0,0.29,0.43,1.64,0.03,0,5.75,0.50,0,0.70,0.09,0,0.15,0.02,0.25,1.65,5.67,0.25,4.54
2021-11-12,0.00,4.44,7.13,0.08,0.15,0.13,0,4.52,0.56,1.16,6.21,7.43,0.17,1.51,4.01,0.05,0.28,0,0.03,0.29,0.43,1.60,0.02,0,5.74,0.45,0,0.67,0.09,0,0.21,0.02,0.24,1.63,7.43,0.25,4.30
2021-11-13,0.00,4.43,7.09,0.08,0.15,0.13,0,4.50,0.57,1.24,6.12,7.38,0.09,1.50,4.02,0.05,0.28,0,0.03,0.32,0.43,1.55,0.02,0,5.79,0.44,0,0.67,0.09,0,0.26,0.02,0.24,1.64,7.34,0.26,4.30
2021-11-14,0.00,4.52,7.20,0.08,0.13,0.12,0,4.55,0.58,1.26,6.11,7.18,0.08,1.46,4.03,0.05,0.27,0,0.02,0.33,0.41,1.52,0.03,0,5.74,0.34,0.00,0.70,0.08,0,0.36,0.02,0.23,1.60,7.64,0.26,4.29
2021-11-15,0.00,4.56,7.07,0.08,0.14,0.14,0,4.60,0.58,1.40,6.02,7.00,0.15,1.41,4.04,0.05,0.26,0,0.02,0.45,0.40,1.47,0.03,0,5.65,0.33,0.00,0.09,0.08,0,0.42,0.02,0.22,1.63,7.62,0.25,4.14
2021-11-16,0.00,4.56,7.07,0.07,0.12,0.13,0,4.60,0.59,1.48,5.47,6.41,0.13,1.39,4.18,0.05,0.27,0,0.02,0.62,0.38,1.49,0.02,0,5.70,0.31,0.11,0.08,0.08,0,0.49,0.02,0.22,1.58,8.08,0.29,4.18
2021-11-17,0.00,4.45,7.03,0.07,0.13,0.13,0,4.90,0.58,1.43,5.60,6.12,0.15,1.36,4.20,0.05,0.30,0,0.03,0.73,0.34,1.44,0.02,0,5.57,0.30,0.20,0.08,0.07,0,0.63,0.02,0.20,1.56,8.11,0.27,4.09
2021-11-19,0.00,4.39,7.04,0.07,0.11,0.12,0,4.87,0.58,1.44,5.37,5.64,0.12,1.31,4.26,0.05,0.29,0,0.03,0.84,0.36,1.39,0.02,0,5.79,0.31,2.10,0.08,0.07,0,0.70,0.02,0.20,1.50,8.20,0.25,3.84
2021-11-20,0.00,4.47,6.80,0.06,0.10,0.11,0,4.83,0.58,1.35,5.21,5.58,0.13,1.29,4.28,0.05,0.28,0,0.03,0.87,0.35,1.36,0.02,0,5.88,0.30,2.53,0.08,0.07,0,0.74,0.02,0.20,1.50,8.16,0.23,3.86
2021-11-21,0.00,4.46,6.66,0.06,0.11,0.11,0,4.74,0.59,1.32,5.11,5.30,0.13,1.27,4.28,0.05,0.28,0,0.03,0.88,0.34,1.31,0.02,0,5.95,0.30,4.02,0.07,0.06,0,0.79,0.02,0.20,1.46,8.08,0.22,3.67
2021-11-22,0.00,4.42,6.42,0.06,0.10,0.10,0,4.73,0.57,1.42,4.70,4.91,0.12,1.26,4.25,0.05,0.27,0,0.03,0.89,0.34,1.30,0.02,0,6.00,0.29,5.39,0,0.06,0,0.81,0.02,0.18,1.43,8.16,0.20,3.57
2021-11-23,0.00,4.47,6.21,0.06,0.08,0.11,0,4.74,0.55,1.33,4.54,4.54,0.12,1.22,4.24,0.05,0.26,0,0.03,0.92,0.33,1.29,0.02,0,6.04,0.28,6.92,0.05,0.07,0,0.83,0.02,0.18,1.39,8.29,0.21,3.43
2021-11-24,0.00,4.41,6.09,0.06,0.08,0.10,0,4.65,0.53,1.31,4.55,4.43,0.13,1.24,4.27,0.05,0.26,0,0.03,0.92,0.33,1.23,0.02,0,6.02,0.26,8.21,0.06,0.07,0,0.83,0.02,0.18,1.37,8.21,0.21,3.40
2021-11-25,0,4.45,5.88,0.06,0.08,0.10,0,4.71,0.51,1.29,4.42,4.27,0.12,1.25,4.26,0.05,0.24,0.04,0.03,0.92,0.34,1.22,0.02,0,6.00,0.27,8.78,0.05,0.06,0,0.84,0.02,0.17,1.36,8.34,0.18,3.18
2021-11-27,0,4.33,5.74,0.06,0.07,0.10,0,4.81,0.54,1.24,4.34,4.24,0.12,1.22,4.23,0.05,0.24,0.03,0.03,1.06,0.33,1.22,0.02,0,6.04,0.26,9.73,0.04,0.06,0,0.85,0.01,0.15,1.30,8.33,0.18,3.09
2021-11-28,0.00,4.48,5.58,0.06,0.08,0.10,0,4.84,0.53,1.04,4.23,4.14,0.11,1.22,4.20,0.05,0.25,0.09,0.03,1.08,0.33,1.05,0.02,0,6.02,0.26,11.61,0.04,0.06,0,0.83,0.01,0.17,1.15,8.08,0.17,2.86
2021-11-29,0.00,4.57,5.38,0.06,0.08,0.10,0,4.88,0.55,1.04,4.34,4.05,0.10,1.19,4.15,0.05,0.25,0.12,0.03,1.10,0.35,1.22,0.02,0,6.00,0.23,12.62,0.04,0.06,0,0.81,0.01,0.17,1.13,8.04,0.16,2.63
2021-11-30,0,4.58,5.26,0.06,0.07,0.10,0,4.99,0.53,0.87,4.28,4.08,0.11,1.22,4.09,0.05,0.19,0.18,0.03,1.15,0.34,1.21,0.02,0,5.92,0.22,13.17,0.04,0.06,0,0.83,0.01,0.17,1.25,8.02,0.17,2.76
2021-12-01,0.00,4.55,5.21,0.06,0.06,0.09,0,4.99,0.53,1.08,4.20,4.13,0.11,1.19,3.98,0.05,0.19,0.26,0.03,1.18,0.33,1.21,0.02,0,5.83,0.22,13.56,0,0.06,0,0.79,0.01,0.17,1.28,7.74,0.16,2.73
2021-12-02,0.00,4.53,5.19,0.05,0.07,0.09,0,5.02,0.56,1.06,4.21,4.20,0.13,1.17,4.04,0.05,0.17,0.27,0.03,1.23,0.34,1.17,0.02,0,5.86,0.21,14.01,0,0.06,0,0.75,0.01,0.16,1.30,7.94,0.15,2.75
2021-12-03,0.00,4.61,5.25,0.06,0.07,0.09,0,5.03,0.53,0.52,4.28,4.16,0.13,1.16,3.96,0.04,0.17,0.32,0.02,1.26,0.33,1.17,0.02,0,5.86,0.21,14.64,0,0.04,0,0.75,0.01,0.16,1.28,7.80,0.16,2.70
2021-12-04,0.00,4.54,5.16,0.06,0.05,0.10,0,4.97,0.52,0.65,4.35,4.09,0.12,1.11,3.98,0.04,0.18,0.35,0.02,1.35,0.32,1.09,0.01,0,5.81,0.19,14.71,0,0.04,0,0.76,0.01,0.16,1.28,7.81,0.15,2.63
2021-12-05,0.00,4.47,5.22,0.06,0.06,0.10,0,5.00,0.53,0.65,4.32,4.01,0.11,1.14,4.00,0.04,0.16,0.37,0.02,1.37,0.31,1.18,0.01,0,5.85,0.19,14.81,0,0.04,0,0.74,0.01,0.15,1.26,7.81,0.16,2.62
2021-12-06,0.00,4.55,5.28,0.05,0.06,0.10,0,4.99,0.54,0.65,4.54,3.94,0.11,1.16,4.02,0.05,0.15,0.39,0.03,1.62,0.29,1.17,0.02,0,5.80,0.18,14.91,0,0.04,0,0.71,0.01,0.15,1.26,7.88,0.16,2.58
2021-12-07,0.00,4.40,5.38,0.06,0.06,0.10,0,4.98,0.55,0.66,4.48,4.00,0.10,1.12,3.98,0.04,0.15,0.40,0.03,1.82,0.32,1.17,0.01,0,5.83,0.19,14.77,0,0.04,0,0.72,0.01,0.14,1.25,7.81,0.16,2.60
2021-12-08,0.00,4.35,5.52,0.06,0.02,0.10,0,4.86,0.55,0.68,4.44,4.15,0.11,1.11,3.94,0.05,0.15,0.42,0.02,2.00,0.30,1.15,0.02,0,5.78,0.19,14.70,0,0.04,0,0.74,0.01,0.14,1.25,7.71,0.16,2.59
2021-12-09,0.00,4.37,5.52,0.06,0.03,0.10,0,4.80,0.56,0.69,4.45,4.17,0.12,1.13,3.88,0.05,0.16,0.42,0.02,2.13,0.31,1.17,0.02,0.00,5.87,0.19,14.92,0.00,0.04,0,0.68,0.01,0.14,1.23,7.64,0.16,2.58
2021-12-10,0.00,4.61,5.98,0.06,0.02,0.11,0,5.00,0.58,0.73,0,4.29,0.13,1.24,4.12,0.05,0.15,0.44,0.03,2.32,0.33,1.22,0.02,0,6.15,0.20,15.42,0.02,0.05,0,0.70,0.01,0.15,1.31,7.95,0.16,2.65
2021-12-11,0.00,4.51,6.16,0.06,0.03,0.12,0,4.90,0.58,0.74,0,4.22,0.13,1.24,4.09,0.05,0.15,0.45,0.03,2.34,0.32,1.21,0.02,0,6.24,0.20,15.37,0.05,0.05,0,0.71,0.01,0.15,1.32,7.99,0.16,2.62
2021-12-12,0.00,4.42,6.26,0.06,0.03,0.11,0,4.84,0.58,0.73,0,4.36,0.13,1.22,4.00,0.05,0.14,0.46,0.03,2.52,0.30,1.13,0.02,0,6.16,0.20,15.53,0.09,0.05,0,0.68,0.01,0.12,1.31,7.97,0.15,2.56
2021-12-13,0.00,4.49,6.31,0.06,0,0.11,0,4.73,0.59,0.72,0,4.44,0.14,1.18,3.93,0.05,0.12,0.50,0.03,2.52,0.32,1.11,0.02,0,6.07,0.19,15.77,0.15,0.05,0,0.69,0.01,0.13,1.28,7.92,0.15,2.57
2021-12-14,0.00,4.75,6.79,0.06,0,0.12,0,5.02,0.63,0.78,0,4.83,0.14,1.31,4.20,0.05,0.13,0.61,0.03,2.73,0.33,1.15,0.02,0,6.47,0.20,9.26,0.18,0.05,0,0.77,0.01,0.14,1.38,8.52,0.16,2.72
2021-12-15,0.00,4.87,6.84,0.06,0,0.13,0,5.15,0.62,0.01,0,4.83,0.14,1.28,4.23,0.05,0.13,0.66,0.03,2.83,0.33,1.19,0.02,0,6.47,0.20,8.88,0.23,0.05,0,0.76,0.01,0.16,1.40,8.61,0.16,2.77
2021-12-16,0.00,4.77,7.08,0.06,0,0.12,0,5.16,0.63,0,0,4.71,0.13,1.26,4.20,0.05,0.13,0.74,0.03,2.85,0.32,1.20,0.02,0,6.29,0.18,9.12,0.30,0.05,0,0.74,0.01,0.16,1.37,8.38,0.16,2.75
2021-12-17,0.00,4.85,7.28,0.06,0,0.13,0,5.11,0.62,0,0,4.55,0.14,1.27,4.27,0.05,0.13,0.78,0.03,2.86,0.32,1.20,0.02,0,6.26,0.16,9.15,0.31,0.05,0,0.75,0.01,0.17,1.38,8.47,0.16,2.71
2021-12-18,0.00,4.81,7.35,0.06,0,0.13,0,5.17,0.63,0,0,4.45,0.13,1.27,4.25,0.05,0.13,0.83,0.02,2.92,0.31,1.19,0.02,0,6.22,0,9.02,0.33,0.05,0,0.77,0.01,0.17,1.37,8.57,0.16,2.70
2021-12-19,0.00,4.81,7.45,0.06,0,0.13,0,5.19,0.62,0.01,0,4.57,0.12,1.27,4.27,0.04,0.13,0.87,0.02,2.91,0.32,1.22,0.02,0,6.16,0,9.12,0.41,0.05,0,0.77,0.01,0.17,1.40,8.65,0.16,2.71
2021-12-20,0.00,4.65,7.45,0.06,0,0.13,0,5.19,0.60,0,0,4.52,0.13,1.25,4.25,0.05,0.13,0.93,0.02,2.88,0.32,1.14,0.02,0,6.07,0,9.13,0.45,0.05,0,0.76,0.01,0.16,1.38,8.65,0.16,2.70
2021-12-21,0.00,4.82,7.63,0.06,0,0.13,0,5.23,0.59,0.01,0,4.56,0.09,1.24,4.21,0.05,0.14,0.33,0.02,2.94,0.31,1.13,0.02,0,6.24,0,9.29,0.47,0.05,0,0.75,0.01,0.17,1.35,8.67,0.16,2.66
2021-12-22,0.00,4.72,7.92,0.06,0,0.13,0,5.34,0.59,0.01,0,4.52,0.09,1.24,4.23,0.05,0.15,0.29,0.02,2.96,0.31,1.13,0.02,0,6.17,0,9.15,0.49,0.04,0,0.74,0.01,0.17,1.17,8.63,0.17,2.69
